age,health_score,injury_severity,infection_exposure,food_days,water_days,shelter_quality,medical_supplies,weapon_availability,group_size,distance_to_safe_zone,mobility_score,days_since_outbreak,survived
67,60,7,12,6,28,11,22,26,2,7,32,9,1
30,60,6,80,27,2,57,85,26,8,37,56,51,0
76,42,4,30,20,11,66,64,45,2,55,57,24,1
36,90,9,15,22,27,25,88,94,8,71,97,52,0
39,22,2,40,23,27,77,53,44,5,50,25,30,0
18,77,4,89,24,6,11,91,25,9,82,82,16,0
37,51,2,91,17,4,89,100,13,9,21,68,48,1
68,50,9,0,5,30,15,10,47,8,34,28,27,0
17,62,4,11,8,27,52,62,84,9,49,55,33,1
45,26,0,100,28,30,71,21,91,7,27,42,23,0
53,20,5,55,5,25,48,53,14,8,8,98,45,1
17,80,9,49,17,0,48,88,93,6,34,76,19,0
79,33,3,19,16,0,91,84,88,9,18,69,36,1
75,71,3,65,11,14,6,35,50,2,51,78,19,0
36,25,7,35,2,7,14,57,53,3,12,26,22,0
48,29,1,78,26,10,35,19,10,2,86,66,42,0
73,90,3,37,4,13,71,15,74,6,51,94,45,0
37,49,1,21,6,28,73,91,27,3,63,75,33,1
64,40,0,60,9,24,14,55,54,1,40,27,45,0
74,79,9,49,9,22,61,92,68,4,22,55,10,1
57,100,2,95,18,12,17,49,91,5,8,61,47,1
75,93,7,58,24,18,45,89,71,4,28,58,32,1
30,82,5,19,25,11,100,65,25,6,50,84,15,1
77,61,6,35,27,21,60,73,69,3,47,63,39,1
77,70,1,96,3,18,42,12,31,10,56,96,58,0
62,83,5,14,9,25,43,14,47,6,32,99,46,1
77,95,7,61,17,3,98,72,95,10,11,65,8,1
66,75,7,2,2,27,65,26,11,1,21,32,51,0
70,99,3,92,20,3,54,7,69,6,26,56,25,0
79,60,5,90,2,2,85,69,76,8,14,33,18,0
18,51,4,4,4,25,78,99,60,10,79,32,15,1
66,34,8,55,15,5,100,49,33,8,14,31,58,0
22,81,7,30,19,4,38,87,86,1,76,74,59,1
36,46,1,85,12,10,99,66,80,7,100,47,26,1
54,47,6,34,10,24,4,25,44,10,3,41,41,0
33,100,6,70,25,8,56,35,59,10,57,38,44,0
19,83,10,69,12,2,14,20,64,4,7,94,21,1
75,78,0,25,18,28,90,76,70,6,39,49,22,1
29,77,0,0,27,8,15,51,12,6,57,73,46,1
24,21,3,82,5,28,56,10,77,5,65,34,34,0
68,55,4,6,23,11,99,7,80,10,25,49,37,1
17,90,3,35,12,2,81,56,93,9,31,48,54,1
75,32,6,75,27,19,98,45,47,10,86,51,37,0
59,34,2,83,3,16,24,77,48,8,10,49,14,0
23,79,6,86,24,20,21,96,97,6,82,35,4,0
62,41,7,24,21,11,30,1,90,4,77,55,24,0
50,82,5,93,4,24,100,63,57,4,72,67,2,1
51,94,5,58,18,30,33,51,88,9,9,47,1,1
65,93,7,60,4,17,86,64,98,4,79,81,2,1
19,44,7,28,20,3,15,10,72,7,8,75,13,0
17,67,6,94,13,9,69,5,69,6,97,75,27,0
21,62,5,17,30,17,58,95,60,2,99,94,52,1
69,57,5,40,27,29,14,78,25,5,19,36,17,0
19,60,9,18,27,7,81,75,38,3,30,81,57,0
69,64,10,3,3,8,12,63,57,9,9,40,45,0
78,59,5,64,11,18,23,100,26,10,83,56,17,1
33,36,7,40,5,12,12,92,39,1,47,53,5,0
59,76,0,14,18,30,64,54,30,10,46,48,24,1
49,21,4,53,9,24,35,43,2,4,90,87,57,0
77,81,2,63,0,5,48,85,87,4,1,79,57,1
29,28,7,71,22,21,81,13,14,9,3,30,8,1
63,87,10,14,22,6,47,82,53,1,34,79,54,1
30,100,5,78,27,27,96,4,69,2,25,99,54,0
77,36,1,49,15,20,42,98,10,1,30,93,44,1
55,69,6,21,3,5,5,24,29,1,1,53,9,0
68,59,6,17,8,10,80,49,34,1,18,52,18,0
39,77,4,79,27,16,67,72,42,3,33,29,16,1
41,94,7,1,17,18,13,70,60,4,9,79,51,1
75,40,4,35,30,27,29,81,39,10,7,45,32,0
56,37,0,19,28,24,83,1,92,2,30,44,54,0
44,74,8,15,16,11,7,9,86,1,77,21,40,0
30,48,3,66,14,20,53,1,41,5,81,22,39,0
60,43,1,29,18,20,65,59,41,6,13,51,56,1
80,93,3,54,6,23,100,44,2,2,13,20,53,0
24,36,8,65,24,26,3,7,89,3,42,43,41,0
16,37,1,98,17,26,73,57,77,10,74,69,54,0
23,61,3,25,5,12,83,6,82,3,78,62,44,0
78,64,1,56,18,17,59,98,84,2,63,63,46,1
26,36,4,68,20,28,52,86,20,4,69,52,32,0
23,92,2,1,11,6,98,71,72,5,36,57,42,1
50,33,9,55,24,24,73,20,76,8,35,71,48,1
50,68,1,83,2,22,91,96,52,6,46,54,2,1
48,48,8,61,0,27,14,46,43,9,45,36,38,0
20,23,4,33,4,4,99,0,45,3,56,77,43,0
56,39,9,97,0,28,0,11,36,10,87,67,4,0
43,66,4,55,7,15,21,74,37,9,5,62,5,1
22,28,0,54,6,21,90,47,87,4,44,67,37,1
27,96,5,19,14,3,92,93,37,8,28,63,49,1
49,98,6,49,10,29,14,3,10,10,87,52,58,0
48,46,0,24,17,27,73,33,92,7,42,94,37,1
63,34,8,83,13,22,83,86,44,7,98,95,26,0
38,38,7,24,26,0,21,31,63,9,31,21,43,0
77,71,7,52,8,3,49,2,43,10,7,29,9,0
52,45,6,13,4,2,47,91,80,2,7,47,15,0
59,45,4,59,22,28,72,67,61,5,4,66,24,1
50,45,2,42,3,3,50,56,89,3,32,27,24,0
80,65,8,61,11,0,95,75,60,7,28,42,35,0
62,68,6,75,28,11,16,23,89,3,56,67,48,0
18,72,10,68,0,12,82,32,11,5,4,82,41,0
16,22,9,62,29,1,90,2,81,5,8,96,25,1
20,85,9,1,23,27,50,3,8,2,14,56,26,0
29,61,7,53,12,26,36,29,66,1,30,31,23,0
42,38,5,15,0,28,97,69,73,6,3,93,6,1
24,36,10,54,2,8,48,48,1,1,2,100,41,0
30,52,4,93,21,30,58,29,7,9,10,84,27,0
57,95,7,42,7,6,9,71,42,10,70,34,54,1
66,68,2,60,23,12,29,81,17,5,71,99,19,1
78,75,6,37,17,21,84,15,51,1,16,29,31,1
67,82,1,44,24,1,20,52,38,8,70,61,38,0
19,22,2,50,15,0,33,5,30,1,80,45,43,0
38,68,1,41,19,17,72,23,13,4,91,68,32,0
30,74,4,23,19,6,97,91,63,7,76,42,2,1
58,45,6,29,30,17,49,95,96,4,86,83,18,1
44,91,10,36,29,18,75,88,92,5,79,36,28,1
51,71,9,52,15,7,46,27,43,7,22,53,7,0
28,26,10,62,1,22,84,20,59,4,35,76,56,0
47,65,10,10,16,11,83,7,96,5,79,23,23,1
74,65,10,77,9,10,5,35,98,7,87,90,53,0
43,35,9,22,6,26,49,8,1,1,49,88,36,0
57,43,0,79,26,29,99,39,98,3,2,87,24,0
60,80,9,49,9,26,62,84,31,1,66,69,28,0
77,73,8,84,18,8,11,50,35,3,19,86,25,0
72,81,0,54,19,27,40,0,54,2,69,87,39,0
21,20,0,54,26,3,30,62,86,5,4,78,49,1
43,68,9,3,8,6,1,67,62,10,92,97,4,1
43,44,7,96,21,16,15,73,68,5,82,82,45,0
59,29,5,53,29,10,0,25,79,10,41,86,52,0
45,99,5,60,16,26,3,39,39,9,56,45,58,0
77,35,8,77,8,1,46,2,23,8,55,20,19,0
77,77,3,82,8,22,64,8,57,3,31,87,4,0
16,91,7,4,4,30,51,31,27,1,22,97,57,1
42,48,3,99,23,17,46,66,61,5,75,37,13,0
77,25,1,94,6,21,98,3,24,3,48,31,1,0
18,35,10,17,10,28,76,5,6,5,80,57,34,0
42,39,7,43,7,25,49,72,37,9,4,61,7,0
24,99,6,30,24,11,44,25,70,1,21,55,25,1
77,90,3,93,13,8,41,1,85,1,41,35,23,0
52,97,8,20,1,10,94,65,85,9,45,84,30,1
66,62,8,46,9,4,83,84,90,3,89,86,49,1
59,45,7,29,20,25,55,85,96,10,84,58,7,1
39,97,0,54,23,6,70,2,44,5,8,78,54,1
74,90,6,67,15,28,56,34,31,9,9,98,45,1
47,52,4,68,15,0,32,58,31,5,18,57,17,0
67,45,6,40,18,23,27,37,0,3,31,35,33,0
77,64,8,44,26,24,43,32,73,9,35,100,60,1
73,82,1,73,30,30,55,14,44,7,30,93,2,0
67,86,10,90,10,28,43,74,63,7,18,30,38,0
27,71,3,79,5,4,83,73,67,8,83,47,44,0
54,87,3,29,5,5,95,99,92,5,41,96,13,1
17,45,1,76,6,12,72,13,6,2,24,99,52,0
18,94,2,99,15,10,33,65,37,9,86,21,52,0
71,21,10,84,12,7,13,44,69,3,48,39,32,0
74,33,7,44,26,19,67,47,52,2,14,95,22,0
17,49,8,44,2,1,28,43,74,10,19,91,9,0
17,68,5,78,23,14,78,36,72,10,60,57,17,1
69,31,9,83,23,9,16,28,29,5,93,75,18,0
16,63,1,83,8,7,82,98,21,8,22,58,40,0
34,52,1,44,23,1,8,83,57,3,30,50,40,0
17,32,6,54,2,20,26,84,72,6,15,99,27,1
68,97,7,58,5,14,48,33,54,9,21,42,11,0
59,45,7,4,24,28,78,58,45,2,26,53,54,0
47,40,5,31,16,5,36,42,96,8,100,36,54,0
47,47,9,5,2,4,27,32,25,10,12,43,28,0
70,67,7,93,1,21,49,18,63,7,7,54,8,0
71,59,0,25,11,21,54,7,79,3,75,42,50,0
32,85,8,36,23,2,3,30,8,1,84,27,18,0
53,92,0,12,5,10,84,10,86,6,35,73,13,1
39,98,2,92,9,10,97,7,14,2,68,40,33,0
26,96,8,68,10,15,18,24,18,3,2,38,15,0
31,42,10,24,15,2,36,19,15,5,20,50,22,0
74,100,4,12,26,8,3,37,24,8,47,69,38,0
18,67,8,87,15,2,36,6,98,2,84,90,30,0
35,21,8,94,23,18,50,76,50,6,12,43,6,0
74,39,5,19,17,10,31,38,76,1,53,65,45,1
51,78,10,71,26,13,44,73,45,7,17,27,59,0
34,65,0,59,21,1,11,71,6,4,18,96,34,0
34,22,9,72,22,6,40,19,33,1,24,22,55,0
35,74,6,20,23,9,55,80,57,9,72,53,19,1
67,31,5,60,8,9,79,10,77,9,37,96,49,1
48,59,8,83,20,19,13,15,22,3,30,76,33,0
55,85,6,78,26,0,53,100,22,6,84,77,14,1
54,97,10,25,18,5,62,41,16,7,52,54,48,0
16,35,3,53,1,20,64,95,12,4,23,40,47,1
26,53,6,41,23,13,57,89,26,6,37,84,41,1
72,63,1,10,0,26,95,51,65,9,74,85,19,1
65,25,5,36,25,1,20,36,100,10,97,76,40,0
38,96,5,10,30,5,3,51,29,6,24,61,15,1
46,83,1,26,15,0,72,8,3,7,100,62,10,1
57,41,3,93,21,2,45,34,93,6,80,45,55,0
22,37,7,82,17,3,85,66,66,7,50,86,2,1
31,31,7,33,2,12,11,94,13,1,92,45,50,0
75,71,7,37,23,2,29,6,10,6,76,27,52,0
17,70,7,60,0,14,93,1,39,9,20,66,2,1
16,90,0,86,5,12,95,24,86,3,47,56,21,1
63,67,1,52,18,21,59,75,95,6,18,91,12,1
27,38,3,64,21,10,99,93,2,4,26,37,10,1
52,25,8,2,18,3,70,93,0,7,71,95,12,0
47,46,2,66,10,29,80,92,8,7,43,55,39,0
24,72,5,27,26,16,64,40,72,9,47,21,2,1
34,67,6,13,7,4,13,74,75,4,85,22,57,0
63,26,7,51,4,20,43,51,0,8,43,53,1,0
18,78,6,29,19,24,25,86,15,8,32,65,2,1
35,88,2,57,8,23,90,80,93,8,7,81,23,1
39,30,5,53,14,30,15,76,71,8,87,89,28,1
69,34,4,68,20,7,6,96,45,6,84,76,53,0
48,83,9,14,27,20,31,64,9,8,84,29,17,0
39,22,3,37,13,23,88,76,32,6,32,37,52,1
51,88,0,77,3,29,94,37,40,10,90,52,40,1
53,42,6,13,23,9,15,66,50,2,100,26,21,0
40,72,7,56,23,6,77,79,21,3,88,64,44,0
33,56,1,58,7,16,88,41,15,6,65,48,34,0
69,28,6,7,19,27,61,70,82,7,58,57,9,1
50,34,5,71,28,6,29,53,74,4,53,58,17,0
76,22,4,18,16,26,70,66,61,1,92,44,49,1
56,89,3,31,1,23,11,77,52,4,90,36,42,1
48,36,1,94,19,18,66,63,74,6,34,80,45,0
48,45,9,28,15,8,90,79,13,8,90,70,32,0
29,40,5,40,9,23,45,3,58,4,100,56,5,0
36,91,4,74,1,1,82,30,25,10,69,86,14,0
63,40,1,44,10,21,42,12,43,1,56,43,46,0
35,30,9,12,9,19,100,26,19,5,66,68,47,0
23,57,6,26,29,18,54,58,83,7,32,40,25,1
22,91,5,18,29,26,44,64,4,6,98,94,22,0
32,54,10,25,18,5,59,63,64,3,50,76,5,1
48,33,8,52,24,9,70,24,10,7,94,60,54,0
63,33,10,50,30,12,79,36,46,4,24,36,38,0
74,29,9,36,24,30,31,74,9,5,92,40,9,0
37,31,4,8,13,24,7,72,60,7,46,87,31,1
45,57,8,91,30,1,76,70,91,2,3,83,41,0
53,53,8,95,10,9,61,13,44,4,10,63,21,1
66,60,0,51,8,9,74,93,46,4,6,47,36,0
69,29,4,53,6,25,19,23,33,6,98,55,1,0
23,36,8,2,14,4,17,66,12,7,95,56,22,0
42,36,6,95,19,21,100,47,88,4,52,63,23,0
42,86,5,68,16,3,5,90,22,10,50,69,23,1
36,81,5,7,2,22,83,64,35,1,58,74,15,1
45,20,10,13,14,1,95,37,62,1,52,29,46,1
43,31,6,2,13,6,28,89,75,5,13,57,1,1
79,23,0,23,7,17,3,69,46,1,59,68,6,1
76,61,3,12,3,16,70,58,65,3,39,91,40,1
63,32,0,42,25,10,42,11,83,9,53,21,35,0
34,23,5,28,9,20,83,53,79,3,58,63,17,0
19,88,3,71,1,17,33,50,13,3,20,54,23,1
50,38,0,50,13,7,99,37,52,9,63,40,20,0
79,21,8,41,7,27,70,45,65,5,96,76,28,0
64,31,3,30,22,27,32,98,48,8,10,42,37,1
32,100,5,62,26,11,14,9,15,10,26,51,18,0
59,93,6,25,9,23,95,8,67,9,19,90,7,1
45,25,7,17,24,0,85,86,42,6,93,52,49,0
61,27,10,81,17,19,39,93,76,7,61,36,47,0
21,70,8,56,14,29,92,51,64,7,77,91,20,1
52,30,8,6,4,24,88,50,8,7,34,61,24,1
39,82,7,47,21,20,4,21,20,4,84,36,16,0
61,76,9,79,12,11,77,72,81,2,44,67,13,1
68,31,10,59,17,26,49,82,95,2,18,67,28,0
75,92,2,32,30,25,98,71,97,7,98,76,7,1
78,21,1,2,1,28,65,67,83,10,72,80,15,1
47,27,4,3,12,5,88,4,42,7,16,63,23,0
48,30,0,99,30,2,53,82,65,10,87,42,23,0
33,72,2,3,29,4,79,81,3,7,96,95,60,1
40,29,0,41,13,13,45,28,6,8,77,72,31,1
69,27,2,8,9,11,79,82,85,3,26,52,5,1
73,55,3,50,29,12,10,5,83,5,65,75,27,0
61,95,6,16,3,12,48,68,57,6,66,47,44,1
39,33,4,16,14,28,98,57,98,8,77,42,60,0
47,73,4,96,7,16,22,42,3,8,27,82,10,0
62,40,0,19,14,23,54,68,19,10,4,26,51,0
38,69,7,13,13,26,4,71,34,3,51,21,42,1
42,58,3,21,30,14,63,90,96,4,84,84,7,1
17,39,9,51,28,5,34,36,58,6,3,23,56,0
32,26,4,26,26,11,92,57,84,4,87,27,32,0
48,28,1,42,20,1,68,36,44,10,66,68,23,0
24,20,0,2,8,3,53,81,13,4,16,48,54,0
58,45,8,87,19,19,2,25,94,5,74,74,47,0
63,57,1,93,2,24,5,41,21,10,28,56,9,0
54,57,5,7,25,24,86,15,47,7,44,25,29,0
57,80,0,85,14,20,55,21,29,2,18,43,27,0
41,63,0,88,23,11,1,22,28,2,2,98,38,0
65,63,8,9,16,2,81,46,35,10,78,59,21,1
40,93,3,28,24,16,93,66,41,9,44,31,43,1
39,81,8,39,15,5,37,2,28,4,20,83,6,1
28,25,10,64,3,23,55,11,6,5,56,65,26,0
75,36,4,20,10,16,4,22,31,3,23,33,20,0
22,70,6,23,24,26,45,10,12,2,60,46,15,0
72,57,0,72,7,16,10,51,12,10,71,56,45,0
51,43,5,59,2,30,64,49,53,8,45,96,38,0
60,70,7,25,18,10,9,56,13,4,47,81,20,0
35,29,0,8,13,22,40,63,5,1,78,86,53,0
80,91,8,19,8,6,43,45,15,6,37,99,15,1
23,40,2,55,2,1,89,28,40,6,8,95,29,0
31,89,0,98,3,18,32,69,51,2,5,33,6,1
29,76,0,35,24,1,90,45,84,2,23,58,16,1
30,58,10,35,27,21,55,15,15,8,10,24,1,0
47,52,5,72,3,28,11,97,4,7,27,95,6,0
78,78,10,21,10,12,1,50,23,2,99,45,16,0
66,37,5,0,18,23,0,100,42,10,1,100,54,0
40,75,0,68,29,23,64,10,64,1,71,72,33,0
73,76,2,72,15,15,32,10,9,8,8,82,7,1
78,95,6,36,22,30,85,62,58,10,11,30,60,1
77,67,9,82,21,16,75,52,34,2,98,52,10,1
37,61,2,71,16,10,35,88,30,5,28,60,53,0
73,46,2,95,29,8,20,57,78,6,34,59,8,0
73,93,2,12,9,26,83,18,10,10,43,65,21,1
64,71,6,83,23,23,35,31,8,1,84,23,26,0
67,61,3,99,16,8,25,49,65,2,28,30,37,0
57,51,3,42,15,28,46,71,43,10,49,100,18,1
30,45,2,36,19,13,94,54,93,4,61,46,4,1
69,44,9,93,21,12,0,75,15,2,37,27,20,0
75,94,10,73,5,24,37,40,47,6,3,40,48,0
23,42,8,94,6,10,13,98,52,4,9,24,42,0
68,76,1,24,13,11,89,69,64,3,86,81,58,1
75,71,3,92,10,21,45,20,47,6,89,51,48,0
20,50,7,87,11,2,41,25,69,9,2,77,40,1
21,83,5,20,13,0,6,0,45,8,23,91,19,0
62,90,6,40,4,26,54,80,74,2,51,46,33,1
70,52,6,72,4,7,55,98,32,3,17,45,23,0
55,21,1,41,19,25,75,26,51,2,25,59,9,0
67,37,3,41,21,18,62,49,80,10,76,48,38,1
31,66,9,1,22,12,23,65,54,7,27,92,45,1
28,52,9,67,25,6,82,99,50,9,20,26,45,0
45,54,5,7,14,12,72,64,97,1,73,40,18,1
34,70,2,95,25,25,98,9,39,3,87,99,46,1
32,37,8,60,0,5,3,94,24,6,36,86,2,0
78,91,3,13,24,2,41,36,62,4,28,29,48,0
34,49,9,76,30,5,95,68,21,10,29,81,17,0
73,63,1,20,29,27,69,40,89,10,42,27,54,1
70,72,5,23,23,2,27,45,90,1,58,23,16,0
77,29,0,49,22,12,91,76,37,9,32,48,46,0
38,71,5,81,8,30,39,44,8,7,12,31,45,0
24,68,9,44,2,12,50,87,36,7,30,70,48,1
27,30,0,63,25,29,28,26,4,1,60,38,24,0
16,85,7,63,3,24,41,64,81,9,11,50,31,1
73,77,4,25,15,12,68,83,21,8,84,45,1,1
16,55,5,31,6,0,4,7,11,10,11,25,28,0
49,52,1,56,21,28,100,66,59,5,80,48,49,1
63,66,1,52,13,7,40,48,43,4,99,36,33,0
16,32,8,32,15,4,60,95,21,1,50,39,42,0
31,59,2,51,28,30,54,88,5,9,1,61,37,1
76,87,5,94,17,19,27,88,99,8,89,66,39,0
79,61,9,17,15,16,40,13,26,2,27,93,4,0
78,38,4,34,15,8,8,61,54,4,32,89,1,0
37,38,3,11,1,12,28,42,14,4,6,21,33,0
41,77,9,50,9,24,77,26,63,7,41,93,10,1
31,42,1,88,6,12,37,95,16,3,36,56,3,0
66,73,7,94,24,4,61,26,2,8,39,38,37,0
72,99,9,9,26,13,53,67,9,7,87,60,45,1
44,84,6,51,14,10,51,74,62,10,93,35,21,0
62,31,10,33,27,24,33,47,62,4,30,79,57,1
77,43,1,66,8,30,36,66,88,9,86,76,9,0
31,53,5,38,6,25,48,24,61,6,57,83,57,0
63,72,7,7,26,13,41,63,84,3,11,24,40,0
54,27,6,95,23,24,13,23,8,7,90,37,43,0
48,37,0,28,15,6,81,8,23,6,87,91,57,0
38,76,4,21,25,23,32,7,31,8,3,32,24,1
25,24,1,83,2,16,97,94,2,5,48,93,46,0
49,45,5,69,16,3,91,58,32,6,6,55,8,1
67,49,6,60,22,9,99,16,42,1,7,38,24,0
25,73,6,42,7,9,100,42,11,8,44,50,24,1
34,32,2,48,1,14,86,94,92,1,61,42,53,0
73,48,6,28,30,19,16,67,84,3,54,51,10,0
16,22,4,80,24,11,74,3,97,2,51,30,35,0
19,77,7,30,19,8,31,100,96,6,86,85,4,1
31,95,7,52,25,2,100,7,31,8,48,24,57,1
39,21,6,33,26,14,78,41,19,8,61,32,55,0
17,94,5,37,24,11,67,48,66,7,97,83,44,0
47,47,1,56,28,25,38,5,67,7,40,54,9,0
39,96,5,100,2,14,93,72,16,8,3,48,11,1
27,95,10,3,7,25,9,41,80,5,30,42,43,0
65,21,8,1,26,0,86,71,18,3,24,99,48,1
50,26,1,11,1,14,23,31,3,2,67,35,13,0
48,45,0,34,30,10,99,14,92,3,2,45,27,1
48,95,10,69,29,4,57,81,16,3,44,22,30,1
76,35,4,71,18,6,68,86,63,7,40,42,46,1
66,42,10,20,16,11,100,68,21,1,19,76,39,0
58,59,5,60,4,19,63,26,65,7,63,28,12,1
27,79,2,34,19,24,18,96,41,6,24,70,56,0
80,92,7,47,28,5,100,65,75,10,50,52,60,1
48,51,6,14,16,21,7,58,44,2,20,97,19,1
55,34,1,70,9,2,70,27,10,10,57,43,40,0
58,32,6,14,8,9,39,23,52,1,50,69,4,0
59,24,0,5,21,25,12,50,59,9,95,71,54,1
44,94,8,80,5,20,100,20,28,2,58,90,49,1
28,93,6,67,29,25,26,30,19,4,31,57,34,0
27,71,5,21,10,21,81,74,4,9,37,63,23,1
61,96,1,31,1,29,87,49,24,9,93,75,54,1
17,60,2,21,30,3,1,91,33,1,4,85,45,1
50,72,0,26,29,12,15,39,11,2,58,64,26,0
23,69,9,14,22,18,13,67,27,2,10,71,60,0
41,34,4,43,11,4,16,15,97,2,63,20,53,0
49,26,8,85,11,22,59,75,5,8,36,83,7,0
22,59,5,91,30,26,69,85,18,8,55,27,18,1
73,47,4,8,15,21,98,98,11,10,99,62,42,0
44,51,2,33,24,17,16,62,24,8,57,27,4,0
51,34,4,99,21,0,44,55,12,4,85,48,53,0
36,89,7,72,26,20,37,79,80,8,43,32,8,1
51,84,1,14,23,20,63,23,75,7,65,20,22,0
25,23,4,61,11,27,5,98,2,8,12,48,54,0
39,30,5,44,20,15,59,27,23,1,62,69,53,0
79,45,9,83,17,15,48,92,7,3,24,56,26,1
64,80,7,71,12,15,20,84,99,10,2,20,13,0
51,56,7,57,14,27,98,88,89,6,47,88,46,1
39,42,4,91,15,21,22,30,44,1,56,67,53,0
38,59,8,18,3,18,75,14,71,4,84,74,17,1
77,96,3,15,11,15,56,41,95,9,16,85,44,1
52,42,8,74,16,0,63,98,95,7,34,82,36,0
27,35,10,7,0,30,28,49,0,1,77,41,41,0
70,80,6,32,21,19,26,85,2,6,18,30,47,0
28,87,5,73,30,19,5,4,64,6,29,48,15,1
38,99,3,17,17,9,20,47,14,2,54,22,18,1
45,50,1,34,21,1,70,12,49,6,51,64,27,1
32,72,7,42,15,13,40,31,19,10,14,96,6,0
77,44,5,49,0,7,79,66,2,2,94,22,34,0
28,63,2,2,26,5,4,78,60,8,58,93,41,1
74,31,6,90,9,27,14,90,14,7,35,87,5,0
34,28,9,58,18,2,20,90,58,6,9,33,57,0
64,31,6,27,15,30,57,29,53,10,37,100,12,0
27,88,5,45,13,15,3,5,59,6,12,84,29,0
76,73,1,63,24,16,68,24,36,9,85,76,58,0
34,73,7,69,1,11,6,27,20,9,82,34,37,0
24,47,0,46,23,26,34,61,22,10,11,79,12,0
43,75,0,13,5,18,35,21,98,10,27,73,25,1
67,88,5,6,27,23,14,67,17,2,88,21,47,0
31,96,4,73,21,19,91,14,16,3,43,83,34,1
27,77,8,78,22,2,1,25,30,10,50,47,11,0
40,97,6,30,4,12,56,62,63,7,98,96,23,1
67,94,1,92,11,15,4,17,47,10,20,86,24,0
68,61,6,80,26,10,70,72,25,9,13,22,51,0
38,57,2,50,3,19,85,62,21,6,47,72,49,0
31,87,0,28,21,26,94,61,44,1,8,45,18,1
72,72,10,14,23,15,31,67,35,7,69,23,10,0
54,52,7,89,3,30,71,47,63,1,71,35,5,0
68,90,2,75,4,19,40,49,34,5,64,91,31,0
57,75,10,24,6,1,41,62,74,9,44,73,25,0
73,91,7,60,5,3,74,68,90,10,12,35,53,1
54,70,6,40,12,26,64,5,97,10,4,50,17,1
29,93,1,68,3,27,39,57,81,9,40,21,28,1
20,62,0,3,12,24,82,50,26,1,19,92,1,0
50,34,6,56,3,3,37,11,67,6,54,64,45,0
33,57,0,30,9,27,41,94,16,3,1,73,2,0
24,34,5,2,19,16,36,46,69,9,13,78,49,0
73,24,10,66,0,0,55,8,10,3,50,78,47,0
32,73,9,89,20,0,70,6,4,2,53,41,40,0
22,70,10,49,7,29,54,28,57,8,42,53,2,1
61,29,9,16,6,4,88,77,81,3,25,92,60,0
28,31,7,59,4,21,53,50,56,5,44,75,27,1
55,23,6,73,2,11,21,83,88,6,98,53,8,0
57,37,3,65,14,5,26,54,73,10,99,45,27,0
24,99,0,87,30,5,46,95,79,10,61,90,37,0
65,55,0,74,26,24,37,58,73,1,81,64,17,0
42,44,3,23,16,16,38,55,73,7,90,95,4,1
20,95,4,98,28,25,14,21,99,7,21,100,44,1
44,55,6,86,22,21,65,99,84,5,51,40,50,1
52,86,3,31,12,12,60,17,13,9,76,62,38,1
53,28,9,86,14,7,59,57,71,2,80,58,31,1
23,80,0,97,26,23,7,39,0,5,52,32,5,0
80,72,10,18,18,11,43,88,15,2,63,61,60,1
32,37,9,65,19,14,42,30,25,2,84,64,25,0
60,62,6,59,13,30,5,55,48,9,54,70,28,1
19,54,1,65,20,18,83,34,41,7,10,36,19,0
51,82,10,14,12,28,26,25,69,4,87,82,37,1
46,97,1,84,30,20,44,67,65,8,94,26,42,1
34,23,7,34,11,25,22,83,52,4,59,74,23,0
76,60,9,68,23,19,80,33,8,1,8,23,57,0
69,64,9,26,28,27,12,75,68,10,51,50,51,1
54,69,9,87,22,16,67,15,39,3,5,75,36,0
34,98,4,6,8,8,83,41,55,10,76,23,45,1
54,47,9,5,26,20,63,4,4,1,42,59,13,0
60,61,1,32,2,17,24,60,55,2,78,66,17,1
28,99,4,57,29,27,85,43,71,2,12,69,50,1
73,95,7,48,10,1,51,34,4,7,24,42,51,0
35,88,5,16,9,10,47,90,68,4,45,70,30,1
76,20,2,41,0,22,60,0,51,10,53,57,58,0
54,58,7,93,16,19,16,97,80,9,53,28,55,0
16,36,8,71,27,16,39,42,72,2,17,80,23,0
18,54,4,39,25,20,74,31,97,9,65,99,49,1
77,65,1,45,12,17,88,62,32,6,58,40,57,0
78,61,1,70,13,14,68,32,21,10,37,28,3,0
40,58,6,69,0,6,84,94,84,8,75,44,13,0
71,68,0,67,1,15,25,76,14,7,42,55,32,0
48,81,9,0,1,30,79,65,64,8,70,62,45,1
53,57,1,78,6,24,55,29,70,9,79,97,35,1
21,42,9,94,8,28,39,9,22,8,40,100,2,0
73,41,3,88,23,0,84,22,5,6,23,47,47,0
59,23,0,96,30,27,95,96,83,8,23,83,3,0
60,68,3,51,3,17,67,38,57,8,49,64,54,0
47,78,10,34,1,26,7,44,25,2,76,75,48,0
60,92,9,68,18,21,72,28,11,2,7,67,29,1
76,87,4,4,25,7,44,29,76,1,37,27,10,1
62,90,8,99,4,6,16,33,76,10,16,33,20,0
36,21,0,16,8,24,40,51,1,2,38,34,34,0
51,68,4,52,23,29,76,80,31,7,99,58,15,0
34,50,1,51,12,1,8,21,49,3,40,44,40,0
35,59,8,13,11,11,69,4,94,4,29,82,45,0
72,67,5,28,29,15,90,10,60,4,17,78,1,1
33,70,1,7,18,8,100,85,10,4,90,94,26,0
62,62,2,97,8,19,23,31,100,2,20,48,56,0
64,74,7,0,9,10,72,23,67,6,25,22,32,1
29,68,0,28,18,14,10,10,33,1,60,58,2,0
30,99,2,35,9,2,34,10,79,5,38,41,32,0
46,76,9,50,11,22,28,16,94,2,63,60,41,1
16,96,0,36,13,20,7,31,88,9,39,39,29,0
69,34,10,92,7,12,16,82,7,2,64,38,52,0
18,46,10,68,15,20,70,26,7,6,83,32,20,0
31,87,7,52,16,27,11,31,97,4,21,38,23,1
72,99,0,95,19,12,78,60,14,6,32,99,51,1
27,83,4,51,3,1,92,24,4,2,28,85,12,0
31,49,3,87,5,5,49,63,18,2,12,84,44,0
39,55,6,82,11,5,23,63,73,7,79,22,10,0
43,86,4,11,27,11,36,27,8,3,92,43,19,0
23,68,7,51,17,3,77,39,56,3,85,57,52,1
51,95,10,0,6,4,10,90,53,7,80,21,10,1
23,74,0,6,4,22,98,13,28,8,23,75,19,1
73,75,4,16,9,29,80,41,100,7,90,99,26,1
75,87,3,97,5,7,58,38,18,3,15,56,24,1
65,63,2,42,26,5,54,1,76,3,12,23,9,0
43,50,4,70,13,20,26,80,45,7,4,97,29,1
56,77,9,16,5,27,66,0,79,3,35,100,29,1
79,72,2,58,29,2,59,31,61,2,95,63,37,0
42,98,7,2,13,22,1,82,93,7,61,64,28,0
78,42,2,28,11,7,67,63,59,3,27,100,3,1
32,47,0,21,29,18,17,77,4,5,96,66,23,0
48,35,8,37,26,20,19,30,32,7,33,45,51,0
44,56,8,53,21,10,84,57,82,2,13,100,54,1
28,40,5,92,25,17,62,81,54,8,37,95,59,1
61,98,9,49,11,9,77,77,18,2,44,28,4,1
50,36,0,68,7,25,71,13,16,4,2,99,55,0
21,56,7,29,9,27,1,87,87,4,38,67,14,0
62,96,1,22,15,19,89,68,91,8,37,50,38,1
40,38,8,84,19,11,82,15,41,1,59,74,13,0
25,49,7,89,25,19,41,68,100,9,69,20,28,1
71,64,2,46,7,27,27,53,21,6,18,78,39,0
45,37,4,20,8,28,28,12,38,4,48,30,44,0
20,97,8,19,12,7,68,79,79,6,81,21,60,0
48,81,0,22,28,18,27,78,98,6,66,65,20,0
80,55,8,67,19,20,59,30,26,9,49,20,28,0
33,71,3,20,16,15,89,68,75,4,58,89,60,1
64,38,3,20,18,26,4,20,45,8,35,90,32,0
26,63,3,0,16,20,14,29,27,1,78,85,14,0
41,26,9,14,6,17,72,22,51,6,76,21,13,0
78,63,8,16,27,8,31,37,64,5,58,88,11,1
74,87,5,50,0,3,51,28,38,3,97,32,38,0
42,53,10,62,26,8,89,76,17,4,7,38,58,0
64,85,7,13,19,24,36,31,86,8,9,66,39,1
48,88,3,58,28,1,14,61,21,10,69,20,42,0
16,74,2,82,13,8,40,90,67,2,4,37,56,1
36,29,0,49,16,8,3,97,10,8,32,51,58,0
70,61,9,33,12,17,52,44,81,7,5,91,15,0
21,60,6,5,28,10,99,48,63,1,56,30,9,1
20,96,3,48,1,12,83,32,70,2,56,39,3,0
18,88,7,5,26,5,26,3,84,7,44,27,5,1
68,29,2,68,30,8,20,17,56,3,72,57,28,0
38,29,0,6,13,15,59,69,34,2,13,25,42,0
68,79,4,96,0,3,85,63,36,1,4,21,15,0
52,70,1,76,28,1,63,27,49,7,52,93,3,0
32,40,2,50,4,6,70,57,29,3,75,92,53,0
16,27,5,0,6,14,46,90,16,6,15,74,50,1
66,84,2,12,18,24,53,89,32,10,82,22,35,0
60,97,2,42,13,5,30,55,15,8,84,85,7,1
19,49,5,26,23,10,16,19,14,6,1,91,30,0
77,68,4,70,13,26,49,76,12,7,65,92,24,1
80,28,9,2,14,29,6,91,2,6,11,45,53,0
47,36,8,57,4,19,82,33,23,7,93,67,31,0
49,88,0,88,4,16,27,86,22,5,61,27,14,1
54,77,2,96,28,3,9,9,58,9,93,86,16,0
41,76,2,16,20,18,26,93,54,3,88,94,51,1
49,81,10,44,23,6,12,21,64,6,84,88,4,0
69,71,5,77,1,10,65,4,31,9,94,95,3,0
18,80,7,100,17,12,85,43,96,1,63,49,35,0
65,59,2,57,30,26,83,8,59,5,38,46,9,0
27,57,2,55,29,25,59,42,29,4,69,62,4,0
80,62,5,53,27,20,42,3,65,9,45,24,54,1
69,82,7,86,23,27,68,41,17,1,74,39,19,0
20,38,5,87,8,2,62,64,58,4,70,71,24,0
72,69,9,28,26,13,69,97,52,1,68,40,60,1
32,52,2,53,27,1,98,40,63,3,4,22,11,1
62,32,3,26,9,28,64,63,29,4,71,60,15,1
38,97,0,44,25,17,98,54,17,1,48,83,36,1
29,81,7,86,17,4,66,89,4,5,97,87,31,0
66,62,3,30,3,12,53,17,68,6,9,90,8,0
53,68,5,35,7,12,35,15,7,1,90,43,2,0
79,55,10,80,17,23,70,86,8,10,47,71,57,1
53,29,2,60,19,23,92,45,31,10,85,94,50,1
65,25,10,36,25,13,14,35,13,4,60,21,3,0
45,76,10,66,28,11,74,89,12,4,52,63,3,0
66,20,5,35,28,20,17,65,17,1,86,60,21,0
78,90,10,4,16,12,3,43,67,2,33,89,51,1
67,77,8,45,15,17,87,4,21,10,58,26,12,0
53,40,8,78,17,12,10,28,19,5,97,57,56,0
45,99,9,51,6,3,5,3,14,2,48,64,14,0
66,75,2,48,0,22,50,98,6,3,5,28,58,1
20,39,2,5,27,29,57,85,76,9,85,72,23,1
44,73,3,9,0,21,59,48,97,5,27,47,59,1
19,44,6,95,17,9,17,71,29,1,41,38,13,0
25,47,2,22,3,22,78,84,4,5,1,87,16,1
71,24,9,16,22,4,66,7,0,3,51,23,17,0
32,40,7,83,19,17,16,51,59,1,16,32,54,0
32,37,10,43,20,7,96,68,30,3,99,30,18,0
49,66,7,40,19,13,33,20,19,6,100,21,13,0
21,89,5,14,3,27,29,26,82,10,32,89,56,1
68,76,3,43,24,1,18,37,63,5,93,31,26,1
58,38,10,57,30,27,8,4,63,1,47,56,45,0
38,84,10,85,5,7,39,84,28,2,23,75,40,1
70,22,4,49,27,15,43,60,9,5,15,71,39,0
31,61,1,51,2,30,94,7,28,9,26,92,31,1
23,40,5,69,5,6,58,85,30,5,37,23,40,1
19,59,2,67,12,2,90,17,74,5,89,23,17,0
19,86,5,62,22,28,24,3,86,1,55,68,32,0
71,44,4,57,6,3,70,3,29,5,2,71,56,1
40,74,1,22,23,28,52,36,24,8,76,53,1,0
42,71,4,43,28,6,47,14,79,9,19,41,35,1
47,63,4,82,3,3,70,37,57,10,32,32,36,0
65,75,8,94,0,8,83,26,56,3,87,82,19,0
76,74,10,43,5,22,52,84,86,4,69,34,28,0
66,89,7,51,23,16,48,47,62,7,55,59,2,1
34,96,6,66,4,16,42,45,96,7,89,57,29,1
36,92,2,27,12,30,99,45,36,1,99,74,43,1
20,100,9,66,18,19,18,47,57,6,56,63,29,0
57,85,3,77,3,13,65,58,27,9,29,85,43,0
76,38,5,17,23,13,33,3,26,5,84,85,19,1
37,26,2,26,5,28,80,74,69,8,36,62,57,0
36,82,10,50,12,24,87,18,36,10,71,91,28,1
16,61,8,59,30,12,72,56,5,9,86,57,34,0
20,61,7,73,28,3,53,18,88,10,82,48,31,1
27,78,5,48,4,12,0,90,76,10,53,94,37,1
61,39,3,14,12,20,91,41,61,3,85,75,19,1
49,92,6,82,24,16,54,91,96,1,86,25,32,1
64,36,10,72,9,14,14,4,32,2,39,28,29,0
60,46,2,67,2,29,84,47,88,5,76,41,9,1
42,66,9,14,22,17,14,24,77,10,11,65,7,1
41,21,7,50,24,10,22,66,39,7,76,50,58,0
62,82,0,47,26,3,65,25,40,6,90,40,12,1
71,81,2,71,12,27,45,73,41,4,30,57,60,0
78,38,10,0,26,19,99,87,8,9,79,71,51,1
63,36,4,6,11,10,8,61,17,4,72,38,31,0
76,88,4,52,3,9,65,92,14,3,53,29,18,1
41,58,9,30,9,21,65,6,3,5,82,65,28,0
51,90,1,17,25,12,17,43,33,4,74,95,50,0
16,100,9,11,2,21,16,86,61,2,8,85,21,1
23,58,7,47,16,7,71,26,37,3,99,98,9,0
67,55,4,29,8,27,97,41,80,7,20,57,34,0
62,59,6,96,28,12,33,72,70,2,12,81,34,0
71,64,6,6,0,8,68,55,95,1,67,91,47,0
29,23,4,91,17,29,63,2,22,2,84,65,24,1
43,44,7,2,8,0,43,12,19,8,50,54,16,0
17,88,8,62,20,0,28,69,55,8,12,62,28,1
41,49,3,5,19,14,61,58,52,10,54,49,46,0
29,95,3,94,24,21,91,37,1,2,88,92,51,1
74,87,7,14,8,3,15,84,20,6,80,82,47,0
71,48,0,70,1,26,77,82,75,7,54,49,35,0
22,92,3,42,18,19,51,88,41,1,74,48,6,1
18,87,5,93,27,0,1,67,56,7,19,85,38,0
38,70,3,90,15,24,60,85,48,8,14,91,54,1
33,43,5,80,2,11,3,68,90,9,52,93,53,1
53,33,4,17,15,10,51,0,9,8,78,41,52,0
30,88,8,21,20,18,40,49,71,3,22,54,60,0
79,37,9,60,12,14,51,80,60,8,4,61,41,1
43,61,8,60,2,20,30,72,20,3,59,43,11,1
54,76,3,52,9,9,25,8,59,6,34,45,4,0
72,31,3,25,21,0,26,52,85,4,64,50,14,0
32,36,7,90,17,23,50,87,12,7,18,21,13,0
59,49,9,39,5,2,97,9,47,8,98,58,15,0
40,94,3,87,5,13,94,83,39,10,82,31,49,0
32,42,1,7,17,14,47,80,62,6,31,92,8,1
28,100,1,20,5,0,10,76,75,10,84,63,43,0
40,20,0,92,5,9,7,28,80,4,100,62,24,0
25,98,4,42,21,21,11,35,8,8,42,86,11,1
33,51,5,20,27,0,98,86,56,7,74,57,48,1
49,28,8,2,12,30,44,26,50,10,3,85,35,1
23,34,4,30,13,14,33,17,39,8,85,59,25,0
55,47,5,26,20,2,76,17,75,10,100,41,23,0
57,43,5,26,6,20,90,8,72,7,55,94,47,1
56,79,2,72,12,19,71,66,63,3,10,82,45,1
21,54,3,56,14,22,46,6,93,3,71,78,7,0
67,46,0,96,11,21,20,57,69,9,22,95,5,1
41,95,3,32,20,11,40,78,63,7,23,38,32,1
79,39,0,89,26,18,74,29,24,1,76,39,28,0
74,84,4,91,0,15,21,72,27,3,13,92,44,1
71,68,10,43,27,26,20,60,9,1,40,62,3,1
74,20,10,42,24,7,27,90,27,6,13,77,30,0
48,29,7,30,2,23,66,99,92,2,97,73,58,1
68,66,7,64,17,13,70,81,35,7,95,59,44,0
37,78,4,83,25,17,13,94,10,8,51,46,5,0
36,81,9,75,21,22,78,16,20,6,64,32,51,0
19,37,1,16,7,29,72,52,25,5,92,66,51,0
77,65,5,14,1,0,51,5,17,10,83,91,33,0
77,51,0,33,3,1,42,38,67,4,85,42,20,0
39,46,6,79,17,23,70,24,40,9,96,78,30,0
70,37,10,3,27,11,75,41,14,8,90,96,57,1
24,58,3,71,27,16,18,41,22,5,13,26,44,0
18,68,4,97,24,1,26,58,40,1,29,69,22,1
46,63,5,88,25,27,17,37,5,8,71,85,22,0
55,91,10,78,12,16,12,30,70,8,47,22,38,0
51,73,0,27,14,20,0,28,59,7,26,58,29,0
39,53,8,72,1,6,84,8,78,7,70,26,21,0
21,90,9,1,9,5,33,0,51,8,96,87,18,1
19,55,3,16,1,5,12,79,8,1,100,74,53,0
21,37,7,57,29,21,50,86,29,3,23,27,48,0
66,57,4,73,28,7,86,71,43,4,75,51,11,1
77,78,10,8,20,4,0,46,61,6,56,38,10,0
72,28,7,30,11,14,86,75,42,10,85,31,35,1
23,92,0,65,4,25,27,9,27,10,19,76,26,1
41,91,7,87,11,6,31,15,93,9,98,29,59,0
66,70,10,61,22,2,71,46,7,4,50,97,50,1
60,54,10,18,0,24,54,42,98,6,35,40,44,1
59,24,3,80,27,9,25,23,50,9,49,39,46,0
20,33,1,73,1,2,13,7,98,9,95,23,4,0
41,49,10,54,26,29,87,74,89,6,46,38,10,1
34,23,5,27,15,13,92,25,29,5,93,48,57,0
35,58,1,91,26,21,67,6,98,3,70,90,39,0
27,83,4,49,21,2,62,78,10,5,100,83,16,1
62,44,1,64,1,0,81,14,19,3,53,91,58,0
16,47,2,2,15,0,13,47,30,5,31,30,41,0
29,95,10,78,19,18,26,2,33,10,96,52,30,0
79,85,5,51,25,3,40,15,11,10,84,44,3,0
53,97,0,9,15,29,2,78,47,1,22,52,34,1
52,41,5,20,5,1,93,88,27,6,67,45,25,0
26,50,2,36,12,24,58,96,66,7,8,55,38,1
18,42,6,14,11,30,99,13,62,2,19,30,42,0
48,67,1,86,22,10,22,87,47,3,31,49,36,0
21,39,5,77,9,23,17,74,41,10,32,76,4,1
65,57,7,78,4,11,73,2,51,9,79,29,42,0
25,74,0,73,7,12,75,72,4,8,55,44,10,1
20,87,10,8,5,15,40,69,76,4,31,87,13,0
38,98,10,43,4,15,7,30,11,8,67,76,6,0
25,20,8,38,19,18,31,79,58,8,51,53,7,0
59,26,4,4,21,22,80,74,64,6,96,96,28,1
17,76,4,24,5,19,40,16,51,1,74,73,59,0
28,31,4,55,21,20,44,48,42,2,92,70,58,0
55,24,5,89,16,19,77,2,82,4,27,25,37,0
17,69,1,63,5,8,100,82,92,4,48,78,15,1
80,61,5,71,16,15,8,87,62,2,43,73,30,0
78,31,10,85,4,26,89,54,49,9,95,36,40,0
32,37,3,51,22,6,47,71,38,2,51,45,10,1
24,85,7,88,16,12,23,99,41,6,98,28,12,1
30,93,10,75,28,3,86,39,88,5,69,21,17,1
39,98,8,8,16,12,94,65,79,4,75,39,48,1
53,36,8,9,28,7,43,86,16,6,71,25,30,1
50,87,7,9,12,1,57,39,91,4,72,98,1,1
64,90,2,72,30,6,65,29,42,9,81,74,36,0
77,81,9,61,21,10,17,24,48,10,50,67,40,0
75,60,10,89,30,16,79,6,4,7,61,77,59,0
65,53,10,98,6,23,28,91,0,3,41,61,24,0
24,89,3,90,21,28,74,49,66,10,51,93,38,1
49,64,0,59,20,13,1,80,23,4,78,40,21,0
50,77,8,94,5,27,77,95,28,1,24,25,42,1
16,70,4,18,28,29,67,0,14,6,30,49,32,0
55,53,5,37,13,12,97,90,3,2,52,42,58,1
79,63,2,5,15,14,38,43,43,4,50,55,18,0
37,34,10,14,2,21,72,99,64,5,57,22,13,1
75,97,9,92,8,27,40,48,78,8,62,53,37,1
79,89,7,46,14,20,70,6,87,3,79,49,44,0
26,69,6,44,20,24,80,2,30,6,53,100,21,1
29,51,0,4,17,8,86,93,19,1,68,61,18,1
75,86,9,77,29,2,74,0,9,9,77,40,40,0
45,22,4,52,29,24,21,50,10,1,69,23,46,0
50,93,9,65,27,12,81,97,81,2,31,68,47,1
52,70,8,61,9,30,48,37,97,1,76,67,26,0
20,86,10,22,9,12,27,42,27,8,30,70,5,1
41,95,5,43,22,8,15,54,37,4,10,43,5,1
77,67,7,51,2,17,67,56,79,2,94,65,31,0
19,36,9,45,0,4,61,52,23,7,90,46,28,0
57,26,0,18,2,10,35,99,38,8,44,70,49,1
33,32,9,87,24,1,21,32,50,9,6,39,13,0
55,85,10,83,4,16,10,79,75,5,27,99,49,0
54,23,6,46,6,22,84,61,49,3,20,90,11,1
29,29,2,90,2,19,79,10,6,1,92,37,1,0
47,36,8,51,3,20,41,71,99,8,20,27,24,0
66,71,5,23,16,3,54,51,80,6,12,46,13,1
53,25,4,16,2,21,72,0,67,5,85,33,58,0
38,88,7,88,22,26,34,13,52,7,94,37,18,1
78,93,7,45,3,17,56,93,36,5,49,84,24,1
30,28,2,63,30,23,33,84,96,4,52,50,29,0
40,96,1,94,1,19,72,20,82,5,10,39,28,0
32,40,1,27,13,7,76,33,53,7,5,89,38,1
68,43,4,49,4,18,69,89,89,6,64,64,45,0
66,23,9,63,30,11,3,13,54,10,58,20,53,0
54,43,6,27,20,27,45,39,74,10,8,38,22,1
66,78,7,85,30,10,91,34,30,9,30,58,20,0
21,22,9,55,1,15,10,41,64,10,17,46,60,0
22,87,7,58,30,4,97,81,99,2,67,75,11,1
66,59,7,4,14,27,60,19,92,7,21,35,51,1
57,67,9,53,10,2,34,59,88,1,16,97,59,1
79,73,10,43,21,11,68,8,58,8,96,26,20,0
30,54,2,41,9,14,56,32,46,4,27,39,41,1
44,75,10,71,19,15,10,48,48,8,6,50,13,0
48,59,1,91,29,12,11,67,17,8,42,98,47,0
42,96,3,56,0,6,42,3,2,4,16,44,24,1
51,87,0,46,18,14,18,47,17,4,45,20,43,1
44,65,2,75,13,2,76,15,57,5,3,36,24,0
53,97,10,24,24,30,67,46,70,7,40,99,48,1
72,32,8,43,25,11,77,25,91,6,20,46,17,0
42,46,6,14,22,7,58,69,80,1,7,43,5,0
70,25,6,50,28,24,1,36,24,6,59,81,54,0
48,36,0,52,21,28,7,21,17,3,11,71,30,0
25,55,6,33,13,11,21,6,51,9,93,70,14,0
20,100,9,76,0,17,76,41,42,3,52,85,15,1
53,21,6,7,24,2,20,29,66,9,3,76,9,0
28,96,3,76,28,11,84,73,88,5,21,74,14,1
46,71,6,99,8,28,91,78,6,10,53,72,10,0
62,85,7,69,16,22,96,5,73,8,96,38,58,0
67,71,2,95,13,20,28,23,43,9,30,32,22,1
71,62,9,20,12,25,100,65,43,9,11,48,31,1
30,41,1,6,12,22,85,39,50,7,81,25,13,0
44,74,6,89,30,1,89,14,82,10,25,92,17,1
23,86,4,78,5,13,74,52,78,1,50,20,1,1
20,79,4,55,6,13,74,84,84,8,89,43,14,1
44,77,4,48,1,3,97,81,20,7,9,93,44,1
62,31,6,41,25,16,82,4,36,4,45,25,39,0
60,88,8,22,7,14,36,88,27,6,29,67,35,1
17,58,10,51,23,15,77,35,31,10,62,39,55,0
42,32,7,78,5,4,28,73,56,2,15,95,53,1
51,60,5,52,24,23,82,45,40,4,19,86,1,1
51,76,6,15,2,16,36,22,53,8,15,74,27,0
41,72,8,95,17,22,20,87,26,4,39,37,56,1
58,31,10,36,17,6,87,44,86,10,35,40,45,1
42,32,5,17,21,22,89,9,73,4,13,83,57,1
35,93,0,19,22,14,11,53,39,4,16,56,22,1
26,76,3,45,5,16,47,69,40,10,67,38,34,0
53,59,7,1,10,11,82,76,69,9,95,75,9,1
21,99,6,86,2,10,46,84,23,2,55,81,50,1
38,64,2,93,15,18,93,31,17,7,65,37,54,0
62,54,9,62,4,10,14,42,73,3,35,49,58,0
61,22,2,2,23,1,66,14,55,4,16,75,36,0
27,24,10,45,21,30,12,65,14,1,1,61,48,0
28,30,2,48,1,14,58,14,97,3,50,72,32,0
77,90,0,0,14,4,72,80,71,2,14,93,38,1
75,75,9,21,15,17,12,19,34,10,62,69,20,1
58,29,0,92,6,28,79,49,26,7,7,23,27,0
20,53,5,13,15,29,77,5,88,6,23,82,3,0
52,86,0,91,23,20,71,78,2,1,99,86,60,0
46,91,4,84,3,20,18,16,20,8,63,75,11,0
24,50,3,44,27,15,56,25,38,9,29,68,24,0
66,94,4,95,15,3,31,21,31,1,22,41,29,0
44,90,6,5,16,26,98,72,49,5,80,31,5,0
55,85,5,64,1,22,86,63,84,7,93,68,33,0
56,89,8,20,15,9,20,75,8,2,6,32,8,1
26,60,5,3,3,21,81,85,49,6,82,52,19,1
38,82,8,2,6,1,13,57,0,8,29,66,4,0
16,51,3,29,17,14,79,86,3,8,89,83,41,1
61,39,0,30,5,3,23,36,3,10,2,36,35,1
36,76,0,33,17,28,48,77,89,10,64,53,30,0
51,69,9,82,27,15,31,87,33,8,96,87,5,0
69,99,6,19,6,29,74,71,26,6,36,58,60,1
72,44,2,86,1,26,10,89,14,6,96,91,48,0
16,31,1,53,18,6,59,95,31,3,20,20,40,0
78,90,5,24,8,24,67,27,40,2,55,24,38,1
69,58,5,14,28,24,60,95,70,5,37,59,3,1
70,36,6,37,30,11,89,85,60,9,97,82,16,1
55,64,4,22,3,2,4,48,62,4,52,20,8,0
30,30,7,51,13,16,35,72,60,5,69,54,45,1
36,89,6,65,4,8,96,66,13,6,70,36,5,0
62,42,1,56,24,7,63,88,22,6,22,79,38,1
68,89,0,56,6,22,77,75,64,4,85,20,59,1
24,57,8,78,7,5,31,92,31,4,83,23,35,0
67,21,4,51,14,29,70,66,40,8,15,28,8,0
72,98,10,34,26,14,73,40,25,5,98,64,36,1
41,91,4,73,18,9,65,45,47,5,47,51,25,0
56,56,9,13,26,22,9,86,72,9,71,88,53,0
50,68,3,90,10,26,98,86,15,4,81,33,49,1
78,71,1,13,19,24,20,54,30,7,69,70,57,0
40,52,4,98,22,5,39,81,65,5,52,42,8,0
53,41,1,32,3,14,41,10,31,9,39,65,21,0
17,24,6,51,17,29,71,99,9,8,2,46,51,1
22,37,10,0,13,13,45,25,24,8,91,55,46,0
49,57,8,33,25,25,81,71,81,10,45,87,9,1
32,56,8,18,5,18,72,91,97,10,24,51,32,1
58,83,10,23,24,12,40,81,92,3,61,92,44,1
74,29,5,3,15,13,93,12,44,9,92,85,13,1
66,98,0,35,17,2,3,35,23,8,65,61,23,0
69,61,5,76,0,3,98,63,2,3,53,69,60,1
39,67,4,57,7,25,13,50,61,10,21,76,59,1
40,63,3,31,0,28,13,75,78,1,92,83,8,0
67,35,5,8,0,13,52,21,66,5,67,65,35,1
48,73,5,79,18,30,100,59,54,4,94,93,54,1
64,54,5,66,20,13,83,1,94,8,1,73,28,1
44,47,1,19,28,25,28,55,9,6,59,72,15,0
78,21,6,73,27,7,22,39,54,10,47,48,52,0
37,32,3,61,24,9,84,27,21,5,18,56,29,0
41,60,8,57,26,8,30,76,13,9,33,88,51,1
43,99,9,21,9,13,95,96,72,6,15,33,4,1
64,78,1,66,17,7,70,2,81,3,24,46,34,1
64,88,4,74,11,10,76,62,7,6,36,24,37,0
35,72,3,88,27,9,60,97,14,4,60,63,24,0
78,64,8,47,16,17,22,22,14,5,34,34,21,0
76,39,3,7,0,3,7,54,51,6,90,86,2,0
64,43,7,72,7,3,75,31,69,9,51,20,7,0
16,80,7,14,9,11,99,83,53,3,40,43,56,1
28,77,5,31,25,17,15,27,75,1,22,95,11,1
66,46,5,52,9,28,25,7,41,2,16,81,12,0
71,45,10,66,17,7,28,2,18,8,42,97,4,0
77,26,7,3,28,2,92,93,39,4,16,76,35,1
47,61,9,29,8,17,5,88,68,7,5,39,40,1
45,66,8,12,24,6,36,52,26,2,6,77,26,0
44,72,4,20,1,30,32,93,73,10,42,33,18,1
64,78,10,40,2,0,94,28,42,8,88,97,55,0
60,57,0,18,1,30,45,93,51,10,30,72,58,1
45,88,0,47,5,21,60,97,45,9,32,54,56,1
31,72,1,85,30,12,40,88,13,7,53,81,37,1
55,34,9,62,22,28,17,80,63,10,19,80,16,1
34,45,9,19,11,2,94,58,60,1,51,38,55,1
33,67,4,63,21,28,15,23,97,2,28,61,12,0
16,38,3,36,18,2,50,37,57,9,47,63,41,0
62,28,0,30,27,14,36,27,48,10,72,20,40,0
53,83,3,73,14,20,13,96,78,7,1,87,37,1
66,73,3,17,18,29,67,61,28,3,68,100,52,1
78,70,9,19,11,18,29,99,25,5,57,97,19,0
19,58,3,81,17,27,59,50,26,1,22,65,15,0
16,23,0,10,15,3,52,6,66,10,86,70,22,0
23,22,8,85,1,12,96,22,66,3,94,51,20,0
44,83,2,43,10,12,35,45,34,4,58,99,43,1
70,48,3,81,11,14,29,89,59,4,91,38,52,0
18,30,4,63,4,18,63,77,60,7,91,58,13,0
47,77,6,33,26,15,13,27,98,5,13,33,23,0
25,94,5,86,26,6,22,23,69,9,39,48,31,0
49,46,4,64,23,2,47,6,77,7,27,61,26,0
70,40,7,54,5,29,27,99,89,2,39,33,45,0
47,58,0,73,24,25,6,78,2,8,72,30,32,0
65,65,6,0,10,19,41,48,32,2,12,94,21,1
22,85,5,37,20,1,9,2,41,7,24,66,17,1
23,55,10,8,9,17,67,1,12,5,18,43,29,0
80,94,4,94,3,24,43,6,28,10,15,41,53,0
72,84,6,70,8,10,12,79,8,6,60,68,29,0
74,82,2,16,11,0,84,20,31,4,16,74,48,1
69,54,0,98,9,15,32,8,21,5,97,74,22,0
66,50,8,100,26,16,91,11,85,5,74,89,49,1
23,47,1,51,13,15,86,92,57,7,47,97,19,1
49,20,9,17,4,9,31,23,56,4,24,92,54,0
50,44,2,62,0,16,47,32,97,5,45,54,14,1
47,62,7,32,4,29,4,77,9,4,19,63,55,0
61,86,9,3,15,2,60,42,24,4,91,55,39,0
31,82,8,86,30,17,89,81,61,8,41,34,23,1
52,70,2,74,4,18,89,4,62,5,31,64,41,1
69,21,5,51,4,13,2,78,75,9,85,81,2,0
29,83,6,8,28,20,23,70,2,5,16,69,51,0
70,93,0,63,17,24,97,88,82,8,23,97,55,1
63,88,6,29,28,1,33,13,96,3,78,32,32,0
22,28,3,7,5,11,83,35,46,7,23,50,38,1
22,21,4,4,20,10,93,34,54,1,41,24,33,1
48,53,7,75,17,30,41,49,25,5,18,27,58,0
38,79,3,62,27,29,19,87,12,2,36,32,7,0
34,80,3,0,9,16,40,78,6,8,12,60,48,0
34,50,7,14,14,26,81,10,33,6,75,36,34,0
51,29,4,88,30,5,19,23,21,5,69,51,4,0
44,95,5,81,29,18,5,74,83,3,51,24,23,0
75,55,10,37,23,12,56,43,22,1,85,28,20,0
17,68,4,41,21,6,41,50,47,10,32,53,22,1
16,89,0,45,10,21,24,16,13,10,93,20,46,0
62,68,6,52,25,10,40,69,93,10,71,59,29,0
35,22,5,25,27,6,40,84,86,10,36,98,43,0
26,93,1,60,26,12,2,7,51,8,40,73,41,1
17,24,10,66,18,12,42,78,82,5,91,51,37,0
27,80,6,53,24,20,45,95,38,9,70,69,3,0
35,45,5,21,12,0,56,73,40,7,38,78,22,0
20,91,4,25,26,29,82,27,35,1,54,100,20,1
52,24,7,82,26,18,73,78,5,1,4,81,25,1
53,34,4,59,29,18,50,11,22,7,46,30,34,0
24,35,10,38,19,22,4,42,9,7,63,42,42,0
68,20,1,35,2,14,85,81,98,9,99,45,53,1
59,35,5,20,15,13,72,36,84,2,74,82,29,1
39,56,0,40,6,28,96,87,95,7,50,65,57,1
45,22,4,47,11,2,14,62,59,2,30,88,10,0
74,71,5,25,28,26,87,100,29,10,73,25,39,1
29,66,6,62,14,20,93,92,96,10,16,70,47,1
24,32,1,76,29,19,99,62,69,2,52,62,37,0
55,99,0,35,7,3,38,9,4,5,4,61,40,0
40,74,5,23,22,28,69,77,78,9,26,32,50,1
37,40,2,89,16,6,78,79,56,9,29,44,20,1
19,85,4,20,0,0,37,36,42,10,92,21,38,0
41,73,10,17,28,22,38,10,51,1,11,33,23,0
73,46,1,14,20,30,51,89,88,7,92,36,11,1
44,57,0,78,30,23,85,18,76,10,96,59,8,1
52,77,0,5,29,18,2,51,5,10,24,58,29,0
33,81,10,42,7,30,28,17,100,3,51,44,36,0
57,65,3,30,13,2,92,93,1,10,42,67,25,0
56,30,9,27,9,19,30,31,16,10,39,68,39,0
53,91,1,7,26,14,65,22,87,1,7,52,34,1
49,27,0,28,18,12,98,11,11,2,18,46,47,1
32,90,5,20,7,21,44,57,43,6,3,64,32,1
52,83,3,80,18,13,72,76,53,10,63,50,41,0
40,40,9,87,3,6,21,20,77,2,20,82,23,1
42,91,6,57,9,0,82,20,6,2,98,57,21,0
72,82,10,59,22,30,100,92,89,4,94,98,19,1
46,83,5,49,2,12,9,92,31,3,73,59,25,1
21,39,4,99,3,3,20,90,28,8,74,77,23,0
55,27,9,30,15,11,16,28,45,8,70,84,19,0
27,77,1,46,23,6,66,78,72,6,17,30,5,0
68,65,4,33,3,26,6,46,77,4,79,34,19,0
25,50,8,1,24,1,100,11,52,7,97,76,35,0
60,28,8,66,19,16,35,57,80,9,59,44,12,0
32,34,1,93,28,0,66,40,24,2,54,58,39,0
41,45,6,71,29,25,76,18,52,6,13,52,25,1
77,29,9,51,19,13,29,11,93,7,42,48,5,0
61,48,3,6,12,29,86,22,28,1,44,77,12,0
79,99,2,75,20,21,70,4,92,6,86,91,27,1
17,55,10,18,16,27,93,25,81,8,80,30,4,1
69,56,0,89,22,20,28,62,94,7,98,32,52,1
80,90,2,91,24,0,71,51,82,2,67,88,19,1
66,42,10,14,15,25,73,9,80,2,72,40,45,0
68,60,8,77,27,2,32,85,5,4,20,22,47,0
51,99,8,47,24,30,58,38,75,5,47,45,24,1
41,47,6,13,16,10,19,22,37,5,24,52,42,0
44,67,2,2,30,6,92,10,2,2,51,41,28,0
36,57,2,49,5,27,28,91,34,7,18,81,33,1
26,50,3,92,2,24,52,94,54,8,23,24,35,1
55,33,6,53,19,28,84,71,46,2,1,38,50,0
26,92,6,5,23,8,0,47,32,4,66,28,16,0
51,96,1,48,30,30,33,91,92,3,5,77,12,1
74,48,4,22,3,21,43,15,2,4,18,43,16,0
54,70,6,91,7,2,95,45,68,5,80,58,11,1
69,68,6,77,19,0,13,46,58,6,74,95,43,1
70,62,5,77,8,18,36,94,77,2,93,80,28,0
39,91,9,19,21,25,34,47,99,10,35,67,23,1
37,24,9,76,0,1,58,79,91,6,25,69,54,0
71,61,7,90,12,26,23,68,95,9,24,81,46,1
48,26,2,59,25,20,64,98,17,8,13,72,17,1
51,61,0,98,1,23,5,24,76,1,21,40,19,1
35,55,2,44,22,4,67,76,65,9,39,57,11,1
77,46,10,60,9,16,37,92,24,10,34,78,4,0
41,77,1,55,22,18,0,90,19,2,19,62,10,0
55,65,1,1,18,27,40,80,70,1,28,36,59,1
32,85,1,44,16,4,30,36,74,6,91,88,55,0
16,44,4,39,23,22,35,62,68,1,90,63,19,0
76,92,0,23,12,20,72,28,28,6,11,82,36,1
58,46,9,28,28,13,53,57,17,2,49,42,43,0
57,20,3,66,25,9,86,97,71,7,35,87,39,1
40,93,9,67,13,20,30,93,26,7,84,45,52,1
54,61,4,65,26,6,28,30,41,4,76,67,41,0
50,71,1,83,30,28,84,85,65,2,57,66,60,0
18,44,4,53,10,30,2,88,98,7,28,65,22,1
59,73,9,52,9,7,57,67,25,1,66,48,2,0
66,86,3,78,30,29,89,98,22,2,65,53,59,1
27,25,7,48,6,7,60,40,4,2,73,29,33,0
34,77,0,31,9,6,5,49,79,1,22,39,40,0
59,89,4,60,23,12,19,43,10,9,51,53,27,0
74,72,10,41,0,13,60,8,18,6,91,32,19,0
64,85,9,0,13,18,45,58,79,3,9,29,55,0
76,77,0,62,2,10,12,89,95,6,71,64,48,1
32,21,9,34,12,1,22,90,11,7,36,97,46,0
72,95,9,50,1,16,78,26,1,3,54,27,4,1
70,41,3,70,16,5,30,81,42,4,38,24,19,0
62,56,7,44,20,28,3,93,21,10,66,39,25,0
27,39,0,76,2,8,74,58,25,1,43,63,54,0
77,43,10,64,25,18,65,94,32,6,5,99,54,1
23,84,1,13,14,4,15,2,23,6,81,77,6,0
36,84,0,92,7,8,30,92,68,9,37,39,47,1
40,100,10,2,5,29,47,6,20,2,58,90,13,1
27,20,6,23,25,29,42,81,45,5,63,93,51,0
30,22,1,64,29,24,3,15,17,5,99,59,22,0
74,65,0,47,8,6,61,48,4,7,51,35,4,0
41,74,5,9,24,29,47,31,7,5,72,23,2,1
41,94,5,12,10,3,27,88,84,10,43,29,3,1
62,83,9,99,21,26,15,43,56,4,67,70,46,0
47,64,1,72,1,17,88,95,4,10,67,67,30,0
25,45,0,13,8,17,76,18,12,2,65,95,4,0
31,96,9,99,17,19,68,2,82,8,62,39,48,0
32,84,2,9,18,16,29,59,92,5,88,51,43,0
38,43,9,39,21,29,64,34,65,4,63,85,29,1
41,93,4,22,17,3,68,28,36,9,30,79,45,0
22,54,5,98,4,27,13,74,89,2,90,30,33,0
29,43,2,54,17,29,74,69,28,3,38,39,13,1
22,47,8,62,11,26,33,82,68,8,51,42,47,0
24,99,10,70,3,21,55,100,31,4,38,96,39,0
63,35,4,41,14,15,28,44,47,9,67,54,32,0
74,78,1,98,10,21,81,26,1,10,77,36,28,1
54,100,9,65,26,22,78,68,68,10,100,29,37,1
33,73,5,78,18,4,24,89,96,10,48,57,28,0
74,98,7,72,4,8,93,34,50,10,12,97,27,1
32,35,10,46,5,1,65,18,34,9,20,51,25,0
29,34,5,80,12,1,39,16,82,10,72,73,30,0
46,30,3,51,22,3,90,34,14,9,2,76,6,1
39,84,5,17,9,30,14,76,98,1,75,44,30,1
75,98,7,78,23,19,31,77,71,6,85,33,56,1
60,87,7,17,24,19,19,29,64,10,55,64,9,1
18,62,9,23,13,16,52,47,37,6,6,63,6,1
52,88,1,22,3,19,77,56,85,8,83,57,29,1
58,32,7,11,19,27,90,16,16,7,94,55,23,0
55,29,5,22,22,20,66,100,79,7,62,58,6,1
70,94,1,20,11,24,48,14,44,2,49,58,22,1
54,60,0,63,14,18,66,81,0,4,100,32,2,1
30,69,5,89,25,30,76,13,2,1,84,85,31,0
19,90,6,71,9,2,88,13,69,7,54,53,53,0
40,78,9,93,10,29,81,44,51,4,10,34,6,0
28,58,4,33,8,4,0,96,52,9,24,77,42,0
48,22,9,1,10,9,38,37,2,6,97,78,5,0
31,95,7,68,1,5,60,62,93,6,29,85,20,1
57,26,10,30,12,2,54,74,46,9,94,71,12,1
70,68,8,96,26,16,68,10,74,8,100,88,38,0
57,45,3,67,21,9,1,47,90,6,6,24,38,0
49,52,6,69,25,23,93,25,85,6,58,62,8,0
45,67,7,86,25,11,16,66,5,6,78,27,56,0
28,98,5,18,7,0,28,24,45,4,57,97,58,0
28,21,1,71,28,17,3,80,94,5,3,82,49,0
33,90,6,12,20,18,72,60,60,3,24,87,50,1
47,51,8,64,20,21,63,85,42,9,19,54,43,1
54,23,4,5,7,19,84,92,55,2,98,90,33,1
61,39,1,70,0,3,42,25,69,7,9,51,58,0
44,55,3,26,5,14,75,33,19,1,30,43,39,1
77,51,2,78,25,8,11,89,46,10,96,69,40,0
77,47,3,51,12,5,49,8,53,7,77,78,31,1
72,96,9,97,8,11,67,39,40,2,82,84,3,1
31,20,6,86,27,17,60,74,74,5,44,57,19,0
71,79,9,47,5,22,91,6,65,1,53,57,48,0
25,75,7,87,14,14,72,29,30,5,86,40,55,1
45,54,0,78,22,28,50,65,63,4,68,42,8,0
40,49,7,98,15,18,95,29,89,1,60,65,30,0
20,73,4,67,3,8,76,67,90,1,23,88,31,1
80,55,6,43,27,21,97,57,57,7,61,49,29,1
64,74,10,100,25,23,82,54,54,3,7,59,6,0
18,99,10,16,16,12,77,13,45,10,44,89,56,1
60,77,0,94,8,15,4,76,94,9,55,88,2,0
29,84,1,37,11,12,90,88,23,9,75,61,23,1
45,88,0,9,21,0,27,76,76,10,39,37,44,1
33,70,4,53,18,17,89,76,88,9,59,78,30,1
77,41,5,90,19,21,9,36,36,1,98,32,53,0
52,72,9,5,25,2,87,43,40,4,5,40,38,0
40,55,8,5,11,16,80,5,24,1,42,87,46,0
63,87,7,51,21,21,51,25,28,1,89,96,39,1
80,55,6,14,5,4,79,13,30,9,92,96,9,1
68,71,4,67,11,28,16,7,1,5,14,96,7,0
30,72,2,56,8,24,64,23,11,1,27,80,47,0
64,69,8,55,19,5,20,85,4,3,16,57,44,0
27,99,4,6,4,20,53,38,60,7,91,59,59,1
74,60,2,50,20,16,48,48,90,2,2,46,49,1
52,37,2,57,2,30,21,84,55,4,19,77,15,0
76,41,2,63,1,16,68,62,97,2,23,95,15,1
58,85,5,25,7,26,63,25,77,9,41,85,21,1
54,40,0,57,9,0,35,9,70,9,14,62,59,0
71,63,10,30,14,6,20,76,36,7,47,39,14,0
78,66,3,65,8,21,55,57,35,7,63,54,11,0
61,58,7,91,9,29,72,13,73,2,90,74,11,0
26,48,2,12,10,15,90,72,28,10,8,93,20,1
77,73,4,17,28,4,47,70,79,8,27,91,13,0
40,36,1,93,8,15,75,38,37,1,40,59,45,1
67,99,1,74,13,3,17,30,84,8,28,65,30,0
19,79,10,12,4,10,98,49,40,5,68,98,40,1
74,50,6,23,26,13,14,15,32,4,61,61,39,0
35,92,9,56,8,28,43,71,92,10,38,37,20,1
78,97,2,28,3,12,93,50,80,2,75,34,45,0
69,68,4,55,1,26,44,14,12,3,24,85,43,1
72,21,2,53,18,23,96,88,5,10,28,32,51,1
56,67,5,4,0,26,35,37,65,2,41,76,38,0
18,33,9,34,20,7,39,78,7,4,18,28,8,0
21,78,2,18,0,20,50,88,63,3,49,85,51,1
20,77,7,54,11,30,29,70,95,5,85,35,37,1
20,77,1,76,10,19,25,89,99,7,26,21,42,0
69,70,2,68,0,14,84,71,8,9,3,35,33,0
62,21,7,43,13,17,100,81,22,5,77,91,26,0
64,60,7,77,26,6,30,20,70,8,38,20,44,0
24,35,0,37,10,20,55,15,94,2,92,45,58,0
35,23,7,61,28,18,60,66,20,6,14,63,56,0
76,31,9,21,6,24,16,64,0,8,1,24,39,0
50,48,1,72,1,8,80,12,45,9,92,40,8,0
65,26,6,39,14,10,97,63,61,4,100,54,18,0
77,33,5,25,7,30,23,60,1,4,11,73,39,0
32,31,1,4,21,26,96,31,74,7,40,69,14,0
18,24,4,92,19,9,3,11,100,4,4,63,52,0
47,100,6,53,24,13,8,94,81,5,34,23,18,1
28,51,7,85,14,15,1,40,43,2,65,61,57,0
29,93,2,48,25,26,34,65,87,2,56,60,21,1
26,62,0,2,7,7,37,7,82,10,10,55,23,0
71,100,6,91,28,0,44,58,4,5,81,43,4,1
44,88,4,37,9,11,14,24,92,10,71,24,10,0
24,64,4,13,18,2,41,4,38,10,64,76,43,0
40,28,6,46,2,1,2,44,65,2,13,86,11,0
57,68,0,13,19,15,30,1,80,6,22,30,20,0
24,52,7,74,13,3,51,41,44,6,56,64,19,0
55,37,9,72,8,1,40,37,74,8,65,41,1,0
40,28,4,37,8,11,56,2,100,1,92,30,31,0
20,81,7,63,20,26,41,45,12,7,97,57,2,1
26,76,9,43,27,23,52,21,92,7,13,78,41,1
74,48,9,69,24,16,55,32,31,9,1,23,49,0
53,97,4,64,5,19,86,31,42,4,38,86,5,1
20,44,6,24,7,20,75,16,7,7,58,29,34,0
63,34,9,15,10,29,71,81,73,6,25,38,4,1
33,25,2,14,7,9,52,55,88,4,42,47,27,1
52,61,1,97,11,19,84,2,58,10,85,36,39,0
75,48,5,80,9,7,84,69,10,8,33,43,53,0
63,98,4,2,30,17,31,48,27,3,57,20,49,1
43,23,8,66,22,24,80,54,96,8,37,24,3,1
55,76,9,36,3,17,53,76,38,5,57,51,26,1
60,68,3,80,15,17,36,30,25,4,98,72,41,0
77,63,10,54,19,28,87,80,71,3,62,100,1,1
73,99,2,37,5,1,7,20,25,10,3,76,58,1
71,94,8,62,29,11,81,15,31,7,30,62,52,1
55,33,7,0,8,9,10,16,45,7,67,58,53,0
55,22,5,70,22,7,53,95,27,6,63,53,16,0
48,81,0,89,4,18,59,0,6,3,82,97,58,1
21,83,9,18,20,9,9,71,34,9,23,99,35,1
34,64,10,51,23,10,89,64,65,2,72,24,19,0
55,77,0,29,5,13,69,65,21,3,73,37,16,0
74,39,5,54,16,25,80,36,21,1,66,23,33,0
74,77,2,13,16,14,86,23,2,7,61,89,31,0
63,76,2,12,24,29,41,90,45,2,2,30,22,1
56,96,5,83,23,23,36,83,49,10,27,66,44,0
28,87,2,89,21,22,91,61,7,8,48,100,20,1
60,97,10,26,12,9,79,20,3,9,63,50,56,0
68,71,9,88,16,3,75,36,14,2,100,32,6,0
57,56,5,8,13,6,57,34,43,6,5,42,35,0
78,27,4,40,1,10,84,37,38,1,1,84,60,0
42,63,3,47,25,23,58,52,75,8,22,87,39,1
53,24,7,11,18,21,23,14,28,5,74,49,3,0
75,88,1,9,25,21,27,41,72,9,24,50,32,1
22,50,10,5,27,2,36,93,61,3,59,66,13,0
20,64,6,33,2,4,20,3,83,2,79,35,48,0
60,28,3,51,1,25,32,38,33,7,97,62,14,0
73,51,1,40,27,1,1,78,25,7,50,22,41,0
46,52,6,82,1,11,100,22,84,10,23,31,8,1
38,86,0,5,21,20,82,14,86,5,78,95,47,1
57,49,3,1,6,4,27,89,17,7,18,30,19,1
25,95,8,14,3,6,14,11,62,6,89,35,45,0
47,48,3,16,16,3,0,81,51,9,22,48,14,0
68,22,2,15,5,29,27,69,53,3,44,40,11,0
45,76,9,27,6,10,49,81,87,4,44,77,50,1
54,49,9,84,19,21,34,53,41,9,37,62,35,1
46,28,1,71,5,8,95,87,92,10,7,24,36,0
17,45,2,9,8,3,27,37,53,8,90,71,3,1
27,21,0,9,19,26,8,27,51,10,24,32,25,1
54,81,9,9,27,29,23,78,12,6,77,100,13,1
28,22,7,72,30,21,62,18,31,3,41,31,16,0
61,65,0,27,29,28,3,68,82,9,70,100,28,0
42,87,2,23,25,27,55,63,80,9,85,20,45,1
32,44,2,18,3,8,40,3,65,6,71,27,27,0
75,70,1,96,25,25,66,80,81,2,18,35,10,0
79,32,4,67,27,11,47,9,57,7,79,34,18,0
50,63,9,55,4,15,85,11,38,9,72,38,8,0
45,54,2,66,18,0,57,68,26,9,60,44,7,0
78,74,2,41,9,7,38,6,77,3,52,50,49,1
43,28,7,11,17,0,24,43,53,2,80,21,22,0
75,21,3,17,14,19,59,22,78,5,49,78,38,0
52,80,3,22,24,18,85,1,71,10,67,50,47,0
37,60,2,83,28,3,46,93,72,7,45,87,9,1
35,63,10,5,0,13,97,36,84,3,9,87,60,1
79,83,0,52,4,22,60,68,42,4,26,31,42,1
32,50,7,97,4,28,83,19,98,10,26,36,59,0
27,66,0,41,7,13,99,89,51,2,30,48,40,1
37,21,6,65,21,8,100,43,13,10,27,55,39,0
32,96,4,29,21,8,26,69,90,2,80,99,29,1
25,88,3,8,21,25,95,92,7,7,4,82,55,1
80,77,3,90,19,16,41,73,34,2,51,34,37,0
37,63,7,41,14,14,51,50,17,1,83,49,50,0
65,93,10,33,16,9,92,79,54,4,98,70,48,1
29,75,10,39,18,16,47,97,77,6,70,30,47,1
79,62,5,87,28,8,31,30,51,10,79,76,42,0
62,53,0,16,12,3,23,99,71,10,10,32,29,1
44,49,9,28,30,27,2,40,48,4,36,74,28,0
51,90,7,99,25,28,26,57,7,1,46,82,21,0
67,89,1,49,27,13,72,4,36,1,6,21,33,0
22,74,5,75,26,2,39,32,65,9,70,91,59,1
44,86,8,94,21,28,22,42,80,1,79,75,26,0
26,32,0,48,20,24,6,18,76,7,93,26,38,0
48,22,5,72,9,20,80,31,77,7,89,62,15,0
21,45,7,60,16,11,36,86,40,1,83,50,2,1
47,76,9,82,4,21,6,2,72,1,78,80,12,1
66,43,1,45,17,0,93,0,26,6,3,41,33,0
73,72,4,45,16,0,76,99,19,8,50,81,15,1
41,89,5,16,3,12,81,40,37,7,42,47,45,1
61,62,4,65,21,13,94,91,11,6,78,44,1,1
44,79,2,4,6,15,21,47,41,10,54,84,33,1
19,77,3,53,24,6,77,38,85,3,39,51,4,0
28,68,6,15,4,9,81,4,100,7,85,67,28,0
54,61,3,80,7,14,98,76,49,6,55,99,53,1
30,95,8,90,7,7,16,10,30,8,11,43,14,0
44,85,10,6,10,10,18,21,76,4,74,100,53,0
44,30,9,7,8,23,94,86,64,9,79,61,59,1
47,37,1,71,18,13,38,63,52,1,30,89,49,1
17,71,4,86,18,12,35,11,39,7,81,97,45,0
62,65,7,95,8,22,14,52,72,9,56,55,12,0
37,63,4,81,22,12,62,54,38,10,29,50,59,0
42,41,9,37,30,26,28,52,9,1,17,46,6,0
71,72,7,53,19,8,59,20,28,10,33,85,51,0
36,78,7,75,30,16,55,18,39,3,21,64,20,0
62,49,8,14,16,17,39,68,29,7,78,63,48,0
74,27,9,91,15,28,15,87,1,9,10,76,21,0
21,76,5,49,6,18,32,93,81,1,87,40,16,0
34,92,3,55,25,12,88,71,27,6,39,74,12,1
72,39,10,94,21,11,15,65,46,2,78,34,52,0
18,44,2,8,2,28,29,58,31,5,47,53,20,0
16,38,4,7,29,20,97,48,87,7,86,22,58,1
73,24,5,18,20,19,65,97,77,7,52,20,45,0
53,94,2,50,18,19,43,58,88,10,41,43,33,1
30,98,1,71,7,30,37,22,88,7,92,62,50,1
49,91,6,97,4,7,50,2,31,4,47,46,2,0
76,46,10,56,25,23,59,55,26,6,73,28,34,0
50,59,4,67,25,10,17,57,53,10,87,36,26,0
79,45,8,30,5,6,4,87,95,6,71,58,33,0
40,46,2,2,1,0,39,61,55,7,88,74,42,1
39,81,7,98,23,9,5,17,30,9,43,87,30,0
27,69,5,82,24,14,75,60,23,6,37,64,56,1
33,61,3,42,18,3,11,36,34,10,73,47,1,0
30,48,8,28,12,0,11,53,29,1,64,75,46,0
42,58,4,9,30,10,72,94,96,8,71,48,8,1
75,79,9,11,5,29,21,77,54,2,60,48,1,0
61,60,5,45,5,4,48,64,63,3,87,88,46,0
32,52,8,29,1,18,49,13,32,5,25,30,10,0
68,35,6,93,25,18,79,4,45,6,22,21,32,0
23,42,4,81,23,3,3,94,90,7,43,87,51,0
42,26,1,87,4,1,49,94,96,4,71,29,57,0
61,45,3,31,10,6,2,93,32,3,70,91,40,0
65,31,1,72,10,27,15,99,67,9,36,46,2,0
18,91,2,46,23,12,13,61,63,4,46,54,31,1
79,24,9,87,13,19,63,0,29,9,22,100,4,0
59,88,2,62,12,20,40,62,78,9,35,69,56,1
68,68,3,25,29,11,67,66,28,3,47,93,12,0
39,45,5,2,7,29,58,19,61,3,33,21,31,0
75,24,2,22,14,1,1,42,91,8,85,36,41,1
18,41,9,74,11,21,9,84,95,1,75,99,23,1
35,98,0,73,2,8,74,93,99,6,13,43,33,1
61,32,0,49,20,15,89,41,29,6,56,76,8,0
30,47,8,35,22,7,100,93,11,9,67,90,60,1
40,52,8,12,4,23,25,68,66,2,13,35,49,1
32,42,4,28,5,17,3,73,14,8,50,55,16,0
24,37,8,37,1,30,89,87,9,7,57,64,15,0
53,49,10,76,7,3,27,38,85,2,98,29,41,0
63,45,6,89,4,23,1,61,60,1,28,82,40,0
75,35,8,83,21,10,65,47,22,4,98,62,52,0
78,96,6,4,16,16,15,5,10,2,96,70,26,0
17,58,8,19,25,7,56,73,15,3,87,98,14,0
26,52,1,77,1,18,22,41,48,2,88,22,12,0
79,45,10,13,10,7,22,57,79,9,65,85,27,0
36,67,10,7,3,5,76,42,13,4,24,54,47,1
33,84,7,47,10,22,20,9,5,1,67,88,31,0
79,57,6,12,8,1,24,88,41,8,81,98,4,0
53,21,5,23,5,14,57,77,16,4,7,55,30,0
47,25,4,78,23,0,36,38,94,10,74,68,4,0
26,65,3,64,1,5,48,12,41,8,83,20,54,0
60,69,6,85,25,27,76,74,9,8,24,95,31,1
48,57,2,33,14,18,14,38,45,9,9,61,34,0
56,37,7,50,4,3,27,10,83,10,15,60,4,0
23,46,1,2,27,12,66,15,48,7,56,92,20,0
26,60,0,89,11,14,86,32,8,4,86,76,56,0
66,91,10,77,12,8,3,59,78,2,17,39,18,0
56,93,1,57,16,2,46,95,38,6,19,33,47,0
32,36,8,71,3,1,49,58,1,4,9,71,8,0
61,81,4,54,9,15,59,73,67,6,64,73,60,1
47,48,10,79,0,17,61,50,51,8,57,68,42,1
69,77,7,41,10,17,66,14,87,3,38,49,59,1
35,89,2,20,15,5,71,79,81,1,83,22,2,0
48,97,6,9,10,17,42,42,10,5,8,31,57,0
55,41,1,56,8,10,88,26,36,3,6,50,9,1
47,25,7,24,1,6,57,55,89,6,49,56,16,0
17,45,6,55,6,22,51,59,71,3,45,46,22,0
48,58,4,37,18,22,75,95,21,1,21,43,58,1
45,31,10,85,29,13,68,69,51,9,93,60,12,0
48,33,3,60,17,28,96,46,4,5,34,83,5,1
41,41,0,46,28,17,45,99,1,2,12,30,39,0
37,70,4,53,19,6,24,7,4,2,39,92,15,0
53,42,8,45,6,9,24,62,98,9,96,35,45,0
61,67,9,67,22,7,34,88,31,1,6,33,8,0
30,90,3,3,8,23,60,6,18,10,81,66,24,0
59,69,8,93,11,13,14,80,3,3,32,49,51,0
64,32,1,65,28,17,89,93,86,10,60,43,19,1
76,29,3,92,2,4,73,1,45,7,8,32,37,0
21,74,8,42,22,13,87,16,82,1,38,28,53,0
24,28,3,61,21,21,34,3,25,2,93,68,18,0
21,98,4,99,25,24,28,25,49,6,95,45,21,0
47,71,10,84,15,21,37,77,25,9,19,68,49,0
56,21,7,84,6,25,68,71,70,9,55,61,59,0
23,44,0,84,22,21,23,68,31,8,9,64,39,1
65,32,0,3,25,9,18,4,96,3,52,96,14,0
77,70,8,64,4,25,45,4,43,2,28,40,15,0
77,77,8,61,24,14,48,90,25,1,62,48,59,0
22,53,3,89,22,5,43,68,60,9,48,43,55,0
19,54,1,1,6,8,72,2,87,5,39,96,49,0
21,22,8,8,27,9,25,37,50,3,53,61,3,0
73,78,3,56,29,22,24,93,58,10,95,90,56,0
37,89,5,44,18,16,34,0,86,10,63,60,45,0
41,67,0,17,16,0,35,7,37,5,19,67,11,0
18,83,8,47,15,13,13,12,25,3,33,98,57,0
56,38,4,41,29,3,55,83,44,9,64,96,3,1
75,86,2,40,29,30,5,69,30,1,26,62,30,1
29,92,3,74,20,27,31,49,69,1,45,27,6,1
27,95,0,88,23,1,25,7,44,3,1,82,6,0
27,24,8,89,20,2,14,29,30,6,75,82,31,0
28,86,7,57,25,27,48,39,60,2,66,25,22,1
40,30,3,99,18,6,94,78,47,1,35,93,21,1
60,87,1,41,24,29,55,73,44,8,77,71,38,1
34,88,8,34,17,22,36,32,59,10,98,40,38,0
70,20,3,37,30,13,52,72,60,9,98,33,58,0
60,82,8,66,18,11,57,51,51,10,99,77,6,1
23,48,9,40,27,18,100,32,51,1,96,44,29,1
68,31,2,98,3,28,82,72,75,3,45,75,56,0
70,96,6,49,25,17,77,77,80,5,76,28,46,1
47,60,6,85,0,14,35,95,61,7,33,55,11,1
66,21,9,71,26,28,100,36,25,10,82,76,48,0
59,56,3,78,3,28,10,69,66,4,69,98,22,0
33,64,1,44,3,0,26,68,78,6,83,24,60,0
37,99,10,70,8,24,1,3,48,1,31,100,51,0
52,67,8,18,7,25,21,59,87,4,91,26,39,0
71,43,3,16,1,2,65,79,93,8,64,25,6,1
74,41,7,64,28,24,83,73,43,5,15,98,30,1
18,30,1,92,22,14,16,30,35,8,46,71,43,0
43,77,7,76,5,30,3,94,52,1,48,93,25,0
50,65,10,55,22,3,13,13,43,10,68,89,36,0
76,48,9,92,10,14,6,76,90,9,83,74,1,0
69,54,4,40,3,9,78,59,21,4,85,96,22,0
78,34,6,41,29,5,93,67,1,9,40,33,9,1
22,79,6,5,13,12,15,25,6,8,1,20,45,0
64,61,8,68,20,6,65,23,15,8,20,92,8,0
46,62,2,97,21,25,18,55,87,2,22,56,34,1
73,99,9,74,8,29,0,8,93,3,54,68,16,1
76,93,3,72,1,21,30,34,43,10,77,31,19,0
39,68,9,39,26,0,3,78,64,9,65,24,8,1
35,83,3,40,24,21,90,23,90,3,15,89,12,1
52,51,9,8,25,10,57,30,72,8,61,30,43,0
19,83,4,7,0,13,55,82,70,5,79,72,41,0
35,21,5,43,3,5,52,65,68,7,14,74,56,0
75,43,2,57,11,4,88,65,60,4,69,93,31,1
39,85,3,66,4,18,85,40,29,8,49,98,42,0
65,57,2,12,8,25,42,35,41,4,6,69,33,0
64,50,1,18,30,18,73,100,90,5,41,72,19,0
66,45,9,97,21,26,96,33,73,1,31,74,27,1
51,48,8,95,3,25,48,38,24,10,90,22,24,0
49,86,0,48,15,12,59,82,81,8,64,35,49,1
51,97,1,79,1,6,93,22,70,7,89,64,28,1
21,44,7,99,15,7,93,79,56,5,51,100,55,1
54,67,6,81,15,13,15,43,94,6,59,55,4,1
57,84,0,77,20,18,72,69,31,1,55,38,12,0
73,72,4,29,23,18,80,57,49,8,49,23,23,1
27,86,9,65,23,22,98,58,74,9,40,78,20,1
18,37,5,76,21,25,59,25,9,5,15,31,40,0
33,28,4,90,10,11,46,21,21,10,70,82,28,0
55,57,3,58,0,22,14,87,94,7,65,75,54,1
36,40,0,52,14,26,62,39,40,10,7,46,58,0
30,84,6,51,23,8,27,84,46,4,62,87,58,0
41,40,8,80,3,13,19,93,13,6,54,43,48,0
23,46,5,30,30,5,96,10,2,2,52,100,56,0
57,89,2,14,29,14,62,8,87,4,51,45,60,1
59,63,9,19,17,12,32,11,77,5,4,41,1,1
29,47,3,4,16,6,35,25,52,9,1,89,41,1
17,64,9,6,6,10,12,37,15,9,66,38,11,0
52,36,4,17,17,9,61,2,60,8,98,53,44,0
53,59,0,55,12,0,67,96,27,4,35,30,31,0
56,22,4,74,19,6,22,14,34,6,77,64,41,0
77,95,0,95,19,17,71,46,1,7,81,56,38,0
75,95,8,90,28,22,12,4,60,1,10,42,9,0
29,85,6,89,9,2,87,53,55,1,67,59,6,0
17,65,2,100,30,8,39,23,97,4,68,62,6,0
32,49,8,44,0,28,29,10,54,3,89,23,52,0
43,88,1,27,1,4,93,32,17,10,93,34,3,0
50,28,6,49,16,22,24,86,70,4,65,42,32,0
20,30,8,1,21,23,96,73,48,9,51,31,35,0
80,88,5,83,28,12,72,56,41,2,30,87,16,1
55,85,9,67,2,15,25,51,6,4,39,87,2,0
71,50,4,76,16,15,23,63,3,7,10,71,36,0
51,52,6,23,11,11,96,42,42,2,93,60,41,0
60,58,5,47,23,17,38,91,79,8,44,97,7,1
38,65,4,44,29,10,88,80,58,10,32,78,35,1
62,56,1,92,11,16,78,43,48,4,44,77,56,1
46,79,7,57,29,6,60,89,59,9,63,78,30,1
26,50,6,35,19,14,48,88,5,1,61,91,45,0
25,30,5,1,9,5,40,35,19,7,65,42,46,0
29,21,4,17,6,5,69,11,30,1,41,20,29,0
25,46,4,48,9,17,19,55,82,10,81,75,41,1
16,21,8,7,17,18,43,2,21,9,12,94,1,1
20,40,0,57,30,19,15,49,84,10,2,23,44,0
35,77,8,14,21,18,20,28,81,10,73,48,1,1
23,24,5,16,5,1,14,87,31,1,76,36,41,0
58,71,3,22,6,2,38,82,46,3,60,68,57,1
16,64,9,65,27,13,41,76,33,7,25,70,7,1
72,39,6,69,16,21,60,15,26,1,100,68,3,0
79,80,8,92,29,24,3,39,43,5,61,43,36,0
43,57,4,26,11,3,23,26,29,6,99,63,39,0
52,39,4,36,16,21,2,69,32,3,22,60,31,0
62,44,7,48,30,16,0,41,26,6,97,76,25,0
52,21,6,63,17,27,93,56,55,4,56,75,47,0
64,51,7,33,13,5,12,9,22,6,21,51,56,1
59,45,10,17,10,27,53,37,42,6,55,50,24,0
71,89,9,63,1,18,81,7,82,4,40,35,1,1
43,60,1,73,20,8,39,17,53,1,51,51,38,0
21,86,8,43,0,3,10,95,94,3,22,61,54,0
76,20,2,16,10,6,41,16,67,10,28,53,31,1
35,70,5,58,1,3,92,57,52,7,4,56,37,1
17,24,5,12,15,10,3,65,82,2,26,35,11,1
52,32,1,51,21,21,24,43,39,4,87,32,49,0
35,38,6,59,2,29,99,83,59,6,60,85,3,0
41,31,8,41,19,22,35,73,85,5,23,52,12,1
44,67,9,90,0,1,63,8,8,6,41,54,20,0
16,44,10,63,20,9,43,47,94,5,58,56,30,0
50,76,0,65,19,5,39,38,9,9,8,95,10,0
74,54,7,33,7,7,91,88,9,2,96,59,39,1
48,95,1,94,18,14,44,88,29,4,51,27,15,1
66,24,0,86,25,12,7,87,9,1,61,73,21,0
27,41,7,70,0,28,84,5,57,7,1,26,18,0
35,96,1,63,29,30,34,29,35,1,30,21,32,0
68,76,5,32,28,27,43,73,81,6,92,75,19,0
58,66,5,11,25,21,17,94,43,10,17,76,30,1
65,73,4,75,4,1,46,17,56,10,23,68,33,0
44,22,7,18,29,19,24,42,42,9,24,88,22,1
72,72,2,8,30,0,40,32,82,2,86,97,45,1
54,50,9,73,0,14,4,52,22,1,69,27,29,0
71,88,3,16,10,6,63,55,3,10,89,82,24,0
58,52,6,49,20,23,61,18,11,3,52,90,4,1
65,91,6,38,8,25,71,86,48,6,71,65,50,1
38,69,7,40,4,17,86,68,23,7,58,97,12,1
59,35,1,9,1,9,2,25,12,8,22,86,36,1
53,95,10,11,12,14,36,28,67,4,59,65,58,1
38,96,1,78,30,4,94,23,90,8,44,97,4,1
60,58,3,94,17,26,92,5,71,7,37,86,5,0
67,65,9,14,25,23,40,53,89,8,34,61,19,1
65,66,8,27,24,10,19,38,33,5,100,83,41,0
23,63,9,3,11,7,66,3,8,10,57,92,39,0
16,28,8,35,13,30,86,57,9,7,57,72,57,1
23,69,3,64,4,20,39,47,64,4,40,90,31,0
44,96,8,97,26,7,84,59,71,1,20,26,7,1
20,79,2,46,23,29,76,25,73,3,17,26,12,0
62,34,4,80,9,5,7,78,53,10,52,55,10,0
49,55,9,38,19,14,4,76,42,9,4,32,29,0
80,82,8,37,1,14,24,39,58,4,63,86,52,0
70,88,5,43,3,4,38,85,88,5,50,39,21,0
58,99,2,50,11,12,36,76,94,3,82,92,13,1
45,60,9,96,10,13,4,55,58,6,92,72,23,0
32,93,8,84,3,10,7,38,66,4,50,71,6,0
41,43,5,25,10,19,3,80,60,5,16,80,31,0
23,68,3,35,8,20,40,99,37,7,72,80,9,0
62,37,3,68,9,11,59,38,98,7,61,75,51,0
61,26,7,96,26,19,53,47,7,9,44,59,24,0
48,23,6,0,5,0,21,24,64,2,18,100,16,0
16,88,0,52,14,2,77,33,4,4,50,82,59,0
34,79,5,5,9,7,18,20,90,8,93,76,58,0
46,74,7,36,30,22,76,24,89,4,80,23,11,1
29,35,2,1,21,11,98,88,42,3,30,45,36,0
68,48,8,68,20,14,67,21,59,10,49,81,57,0
63,42,9,89,5,22,32,22,25,6,98,95,1,0
77,33,1,40,0,26,21,24,10,3,94,73,21,0
79,98,5,50,28,2,64,77,33,2,21,81,44,1
78,68,0,46,20,24,10,77,1,9,22,37,36,0
48,52,10,12,27,30,15,25,20,3,47,29,37,0
56,44,1,75,21,21,67,29,25,1,25,55,6,1
63,40,4,68,23,7,92,89,75,9,86,21,14,1
28,36,0,65,19,23,43,37,72,5,56,79,29,1
46,42,7,58,29,18,87,85,86,7,64,66,1,1
19,76,0,67,20,19,8,33,4,2,28,92,8,0
34,100,8,58,3,29,71,88,8,1,33,51,47,1
28,77,9,90,22,5,77,99,49,6,66,88,44,0
38,33,10,9,25,17,78,76,9,5,4,70,59,1
16,39,2,12,21,27,61,92,57,10,80,86,19,0
69,49,1,1,13,27,85,72,9,6,12,100,23,1
30,38,0,89,19,10,100,14,77,2,17,96,39,0
80,72,8,14,21,11,14,94,35,7,36,86,41,0
30,75,3,45,28,22,5,43,73,1,16,87,11,0
36,96,0,56,19,1,0,90,55,8,23,75,27,1
34,42,0,9,27,26,19,94,61,7,72,33,55,0
75,81,6,21,7,4,35,9,36,7,9,35,60,0
48,52,1,88,10,27,1,36,40,6,78,95,40,0
64,37,6,78,14,3,69,6,47,10,55,94,36,1
50,92,6,76,30,8,1,31,21,5,73,85,42,0
59,52,9,7,18,12,2,10,86,9,64,52,20,1
26,51,8,20,7,12,6,47,79,3,47,32,42,0
61,80,6,84,12,14,83,91,60,9,90,49,8,1
24,73,0,21,17,1,63,67,74,5,100,45,46,1
18,36,7,96,21,22,40,47,98,8,67,32,36,0
41,38,7,44,23,12,53,44,47,3,10,87,52,1
63,89,3,90,16,6,40,94,63,7,89,52,26,0
43,53,7,39,5,22,4,92,83,10,4,34,35,1
41,44,3,21,24,16,88,32,36,4,30,36,60,0
40,87,7,29,14,7,81,3,40,5,11,25,3,0
27,93,4,61,12,17,62,46,4,4,51,24,59,0
20,93,3,72,25,14,0,89,99,9,19,52,4,1
63,30,5,44,25,14,24,52,76,7,13,73,44,0
52,35,1,34,17,4,80,30,51,6,57,35,29,0
59,80,1,81,10,1,45,30,16,6,100,65,50,0
30,99,1,41,12,15,14,26,89,10,3,43,28,1
58,26,8,4,0,28,68,88,61,7,78,24,19,1
63,35,9,26,17,4,16,47,51,5,74,86,43,0
61,35,2,69,4,22,20,35,19,10,38,95,28,0
58,59,9,61,5,5,52,48,96,3,27,69,18,0
36,31,3,31,0,28,54,30,93,3,88,60,14,0
38,54,9,7,6,30,86,100,15,7,80,74,43,0
62,40,7,84,26,11,9,43,6,10,10,100,14,0
30,69,3,17,3,4,80,58,93,1,53,39,54,1
40,62,10,77,8,19,56,22,65,4,27,69,29,0
51,36,9,14,14,7,64,98,11,10,7,54,3,0
66,51,9,25,30,10,36,67,42,8,92,69,34,0
30,60,6,52,30,13,6,91,39,4,90,98,9,1
36,25,4,43,5,23,75,41,0,1,82,52,40,0
28,46,8,31,24,16,39,41,57,5,13,86,5,1
34,39,3,27,16,9,49,12,2,1,72,90,29,0
49,44,2,38,19,1,0,0,7,9,91,29,41,0
67,85,1,31,17,2,19,75,89,8,60,60,5,0
42,28,0,76,21,12,30,52,74,7,14,59,53,0
44,72,10,78,30,16,67,39,60,5,44,25,45,0
43,80,5,17,3,26,89,89,84,4,70,52,43,1
50,57,9,69,8,2,11,45,4,7,84,35,43,0
23,22,1,10,13,9,21,86,25,3,28,43,52,0
31,89,7,31,2,27,0,21,84,8,23,79,44,0
51,74,5,19,0,7,0,51,72,5,12,93,51,1
45,20,4,96,26,3,2,27,16,5,24,30,13,0
33,89,1,39,28,12,75,52,100,1,51,63,26,0
17,64,6,7,10,28,20,62,65,10,22,22,9,0
64,66,1,34,0,6,12,16,50,8,62,57,4,0
19,98,4,68,11,6,60,63,46,7,26,59,39,1
22,45,1,98,24,15,12,5,39,1,86,38,31,0
54,33,10,77,8,26,81,13,91,4,58,59,5,1
28,73,9,20,4,4,32,16,26,4,71,72,7,1
46,90,10,23,14,27,5,37,39,9,15,96,28,1
78,65,10,16,17,16,24,68,0,10,94,55,40,0
71,50,1,17,8,9,22,12,45,2,68,86,14,0
57,78,6,97,12,3,87,52,10,4,6,39,24,0
76,48,8,11,27,22,100,8,38,10,2,47,42,1
57,36,4,15,12,13,25,43,17,3,31,76,38,0
71,33,6,3,23,4,3,25,90,10,24,22,5,0
51,55,3,88,12,1,34,76,46,5,35,56,47,0
22,77,1,33,26,13,74,18,73,7,47,37,48,0
69,43,2,91,9,23,99,47,99,5,31,65,59,1
16,82,1,45,9,17,24,80,20,5,89,24,34,0
59,44,4,74,21,26,19,79,27,4,72,92,28,0
60,78,5,76,6,23,0,29,0,9,76,100,47,0
62,51,6,30,27,28,93,31,13,6,2,95,8,1
28,37,2,24,21,10,67,77,19,10,79,76,21,1
37,56,3,73,30,15,22,78,72,6,59,45,24,0
36,45,7,23,30,17,98,75,44,6,96,52,54,0
24,28,3,64,4,26,21,100,60,6,63,55,24,0
41,83,6,24,19,15,94,74,26,1,75,41,13,1
24,91,5,27,6,20,61,68,55,6,17,36,49,1
30,39,6,35,19,3,0,10,51,4,54,63,15,0
25,73,0,81,9,0,58,97,67,2,21,71,57,1
57,49,2,5,9,13,67,82,36,6,22,41,46,1
39,72,5,65,25,11,18,25,81,1,97,88,25,0
64,82,2,66,24,23,29,25,30,1,55,20,51,0
41,30,6,71,20,9,0,16,48,5,29,49,45,0
52,50,8,94,23,27,47,94,52,6,79,58,53,0
65,68,2,47,27,18,18,82,38,2,21,98,28,1
39,38,0,82,12,28,51,43,9,10,2,54,39,0
34,31,9,69,14,3,84,83,8,8,42,88,8,0
75,34,5,77,27,19,21,22,91,4,52,89,31,1
54,50,0,66,27,20,49,24,91,4,38,30,7,0
33,62,0,47,5,2,65,91,12,10,3,70,51,1
34,56,7,64,19,24,5,36,17,5,25,82,47,0
51,98,8,43,11,3,63,75,11,10,77,53,39,0
70,48,1,93,18,29,20,64,71,4,88,74,17,0
62,45,8,62,10,25,96,1,86,5,62,97,53,1
64,21,4,45,5,14,18,73,4,10,95,92,57,0
48,34,7,18,0,10,90,97,6,3,15,39,50,1
36,23,6,63,1,15,36,31,14,8,70,99,51,0
37,69,6,82,22,26,62,88,66,6,10,77,57,1
63,57,3,72,14,3,28,73,17,8,73,100,35,0
52,42,1,70,3,5,59,54,37,5,69,36,56,0
30,78,4,100,4,30,91,49,25,7,44,53,22,0
50,94,10,49,14,7,33,64,37,10,41,94,7,1
47,47,10,62,10,12,0,31,58,7,83,81,53,0
26,85,2,40,9,22,47,36,51,6,20,53,10,0
25,27,8,6,16,19,88,75,32,10,97,91,28,0
72,48,5,8,1,3,20,81,20,4,37,38,39,0
40,30,0,3,19,4,33,93,16,6,95,85,58,1
17,37,2,88,23,9,25,12,61,9,39,91,43,0
79,74,3,48,9,4,35,53,58,4,77,61,58,1
50,69,8,75,19,11,98,2,1,6,70,70,29,0
22,33,10,5,29,0,22,84,63,6,8,90,35,0
33,93,5,81,2,28,80,41,24,3,43,68,59,1
57,28,3,20,18,23,46,77,40,4,10,48,53,1
54,30,0,14,27,9,75,39,18,3,41,49,22,0
56,82,7,66,4,28,43,73,37,3,4,44,9,1
39,95,10,65,2,4,19,65,24,10,78,87,36,0
75,86,1,55,7,18,26,59,38,4,4,81,8,0
61,72,10,67,4,18,60,100,3,4,24,57,30,1
34,58,10,31,27,19,36,10,2,6,21,36,30,1
57,97,7,65,29,11,83,0,33,4,10,93,56,1
47,75,5,28,11,22,51,25,9,6,46,20,58,0
54,47,7,65,13,15,74,41,26,2,89,37,31,0
51,94,5,33,6,4,91,61,89,4,70,82,22,1
51,58,4,26,10,16,61,60,90,2,80,65,44,0
18,44,4,59,7,13,65,76,0,8,44,38,31,0
23,40,9,38,4,11,23,91,43,9,92,69,40,1
56,29,9,43,7,12,79,99,83,7,100,73,47,1
28,62,10,81,11,20,11,84,51,6,33,50,28,0
64,34,7,35,14,13,15,61,24,8,94,84,46,0
75,67,6,18,18,4,35,73,73,4,36,65,5,1
17,40,7,90,15,21,1,11,64,10,25,54,17,0
75,79,7,44,30,29,88,26,79,2,13,68,52,1
20,69,6,83,13,22,61,66,10,4,39,100,11,0
59,42,1,20,27,4,63,27,67,5,79,53,22,0
42,32,10,22,6,30,28,65,98,9,38,48,47,1
47,88,8,93,7,28,91,27,76,5,30,25,25,1
36,23,6,88,6,26,73,94,84,9,14,20,13,0
23,97,10,94,29,29,86,20,14,9,50,74,36,1
65,91,5,26,17,17,95,6,56,8,68,46,54,0
59,28,8,97,23,13,30,94,73,5,1,31,45,0
73,54,0,71,5,17,82,13,63,2,61,23,58,0
18,40,10,18,25,28,14,38,10,5,3,99,45,0
17,77,1,40,18,19,54,72,95,1,50,71,11,1
59,37,0,25,3,0,32,86,96,8,61,30,5,1
17,91,9,27,22,6,80,61,19,2,36,71,57,0
50,100,2,63,2,28,51,11,99,7,4,45,58,1
45,62,10,67,16,16,99,92,29,2,43,47,14,1
23,25,4,94,21,2,19,37,9,5,14,91,22,0
37,97,0,79,18,9,72,57,53,10,89,85,3,1
59,86,3,50,26,6,37,55,57,7,67,46,50,1
73,31,7,73,14,26,2,38,78,6,7,74,35,0
51,31,5,47,25,27,53,85,28,5,8,90,32,1
46,85,0,9,5,11,65,3,0,6,44,73,38,0
62,21,0,72,25,21,17,47,57,2,64,65,58,0
70,34,2,38,11,30,86,6,20,10,7,55,40,0
77,42,9,99,18,14,82,59,14,1,48,40,24,0
45,48,7,99,5,22,6,39,66,1,62,68,28,0
70,100,10,18,10,20,34,7,32,8,25,53,21,1
31,26,10,63,19,15,83,57,37,3,81,53,49,0
27,47,7,18,28,7,83,56,18,3,90,59,33,0
32,33,2,75,19,5,82,34,3,9,68,26,28,1
31,63,6,61,9,27,79,72,75,6,64,71,39,1
27,49,2,12,25,3,84,12,88,4,18,68,50,1
23,100,3,24,15,29,92,38,97,4,4,100,36,1
18,51,8,99,26,10,59,83,80,7,17,56,10,0
31,89,3,88,17,16,23,20,57,6,47,81,37,1
45,25,2,91,13,1,100,46,69,2,81,34,40,0
38,46,4,41,3,27,92,82,11,9,45,21,58,1
20,43,6,38,26,5,94,1,78,2,89,30,25,0
80,53,4,29,11,3,38,43,16,8,58,36,45,0
45,59,3,4,19,2,11,29,0,4,3,64,17,0
36,66,7,80,26,6,93,86,13,10,12,87,57,1
37,98,3,17,22,6,52,54,1,1,91,80,53,1
47,94,1,20,20,15,63,39,3,1,17,65,4,1
48,43,9,85,7,1,3,76,65,9,22,51,10,1
31,84,5,49,6,7,93,96,89,4,39,38,53,1
53,37,1,5,25,14,4,95,45,1,39,86,25,1
29,63,2,49,8,30,15,91,49,3,100,23,32,0
51,95,0,79,23,26,26,23,59,3,16,44,8,0
38,76,4,65,30,15,3,41,51,7,51,92,42,1
17,47,8,0,24,0,71,27,96,6,29,40,45,1
80,90,1,56,16,26,47,93,47,8,78,33,12,1
67,42,6,29,9,9,7,92,38,7,71,41,21,0
77,53,4,57,28,6,80,97,69,1,41,67,45,1
38,30,1,51,27,15,45,50,59,3,57,70,27,0
41,54,7,36,2,9,43,21,29,9,28,99,30,1
70,61,10,47,20,11,66,88,85,4,77,30,10,1
21,47,5,86,24,16,90,77,26,3,80,78,21,1
50,97,3,0,7,12,51,73,82,5,21,33,1,0
37,43,3,18,13,11,33,73,73,8,4,26,9,0
58,27,1,45,25,14,61,7,54,1,99,88,3,0
30,72,2,66,6,13,20,13,69,2,15,77,49,0
75,91,6,1,15,18,23,44,25,7,53,59,53,1
27,23,2,55,17,18,43,37,41,1,90,100,42,0
64,24,4,100,30,25,40,31,66,5,46,44,19,0
57,68,9,16,10,13,28,61,66,10,7,97,6,1
53,49,5,91,5,17,5,95,51,8,18,61,7,0
60,91,5,81,19,29,55,66,5,6,89,63,43,1
50,82,3,96,20,25,13,83,9,3,21,24,16,0
45,66,5,78,13,28,49,60,37,7,8,47,36,0
45,45,2,21,20,4,77,12,76,3,59,95,4,0
21,76,6,26,12,19,100,86,11,5,20,79,18,1
22,56,6,54,3,28,51,82,45,7,82,96,32,1
67,26,3,100,19,5,87,79,48,2,83,40,32,0
29,59,1,31,30,17,76,99,90,10,67,68,18,1
30,58,10,59,19,13,0,98,71,4,55,75,39,0
36,81,6,82,10,3,11,46,62,2,62,76,43,0
50,97,2,27,17,27,23,53,68,7,18,80,37,1
17,72,0,27,0,22,36,70,99,3,91,57,53,0
50,23,1,73,11,0,83,51,42,9,79,92,28,0
35,44,9,83,17,12,69,100,93,6,56,21,50,0
25,26,8,24,6,10,75,71,59,1,85,22,39,0
40,47,7,84,11,2,84,24,100,10,22,62,2,1
40,88,5,77,0,16,2,22,28,8,8,93,60,0
69,86,5,85,21,17,26,73,85,7,11,54,37,0
48,39,0,25,3,24,52,29,77,1,12,92,37,1
51,30,1,74,17,9,99,96,73,3,48,59,51,0
29,86,3,70,14,15,16,10,10,3,63,77,2,0
80,26,2,16,30,20,14,34,34,3,27,53,19,0
69,42,0,81,2,12,38,26,22,7,35,44,59,0
67,80,7,6,6,19,3,66,71,6,2,75,5,1
18,90,6,55,5,11,16,46,20,2,99,51,44,0
56,53,3,63,14,3,10,49,36,5,95,41,13,0
21,38,8,19,14,7,11,7,27,6,8,84,22,0
40,77,10,37,5,11,31,54,94,2,20,40,52,1
28,28,3,74,7,18,26,76,57,1,8,99,7,0
23,67,0,57,7,14,43,41,52,4,63,40,2,0
36,60,9,15,21,27,42,66,27,4,68,47,54,0
40,67,0,50,0,15,90,19,41,4,31,38,14,0
60,64,0,26,25,11,48,44,90,1,32,33,25,1
75,44,0,50,12,19,92,34,84,3,13,43,26,1
27,97,3,74,22,17,72,76,72,7,86,39,5,1
47,44,0,15,23,21,42,19,92,4,26,51,20,0
28,38,1,86,20,11,2,23,60,2,81,93,57,0
46,58,3,59,12,15,28,56,78,8,29,71,54,1
35,98,6,75,10,24,84,54,32,1,91,84,12,0
33,99,1,39,3,27,34,8,54,9,86,71,36,1
75,46,7,66,6,19,47,93,36,5,18,77,31,0
78,93,6,1,27,10,73,88,46,2,69,98,17,1
21,82,8,47,11,21,86,15,35,4,12,29,16,1
47,87,5,51,26,19,38,54,27,3,2,89,57,1
58,38,3,23,12,13,88,71,9,7,42,34,10,1
17,47,5,92,21,1,23,57,22,6,7,66,35,0
75,97,3,97,11,12,19,63,91,9,47,29,54,1
38,52,6,83,15,13,14,91,97,4,90,40,33,0
46,29,8,81,5,5,84,75,4,3,54,38,38,1
20,49,2,77,13,11,75,87,81,7,15,87,35,1
49,41,2,81,18,6,17,48,5,6,58,41,51,0
25,22,1,1,15,3,59,28,41,5,33,82,27,0
17,94,0,64,26,27,86,78,46,10,67,57,7,1
26,67,0,19,25,26,92,81,86,7,63,34,27,0
65,21,2,33,30,6,40,6,27,5,48,89,41,0
46,95,6,40,3,12,99,76,12,9,66,94,54,1
71,73,10,40,4,10,68,82,24,4,81,63,12,0
24,25,8,74,8,7,89,68,6,1,65,49,46,0
36,59,1,90,23,26,74,89,65,10,36,43,33,0
43,21,6,22,2,18,10,1,79,5,17,65,57,0
77,92,0,37,21,30,55,32,57,1,2,23,13,1
22,21,1,43,9,1,17,47,65,1,33,25,53,0
31,93,5,66,16,20,11,36,35,1,93,57,2,0
19,74,10,61,18,17,15,88,1,1,6,45,3,1
19,91,4,11,9,25,26,88,37,8,43,38,11,1
55,79,7,29,29,20,99,29,73,2,100,21,5,1
32,25,10,94,11,9,16,40,13,9,88,87,60,0
67,38,1,86,22,30,84,3,26,7,11,88,2,1
67,46,0,64,6,28,100,82,14,3,5,66,46,0
51,20,6,40,17,5,30,90,84,9,30,48,28,0
53,52,5,19,18,23,34,38,11,4,10,83,13,1
65,59,7,5,14,21,26,23,42,7,91,99,46,1
78,51,10,74,6,3,86,49,96,3,91,31,60,0
78,88,7,98,11,18,31,36,56,5,24,92,35,0
77,36,1,3,21,13,16,52,85,4,59,30,40,0
22,27,7,92,28,13,10,24,47,6,67,27,13,0
42,76,5,9,6,17,0,92,60,9,61,79,54,1
29,61,8,50,9,28,91,30,81,5,26,45,12,0
20,28,6,92,24,16,81,98,43,1,39,51,18,0
70,54,1,37,23,17,48,91,51,5,82,58,18,1
17,90,7,0,21,17,40,37,61,5,3,23,17,1
77,98,8,7,27,30,19,57,1,9,38,63,39,0
36,72,6,80,29,4,70,52,92,8,42,54,22,0
36,73,3,82,19,8,36,49,70,5,48,70,13,0
25,44,8,62,29,0,15,3,30,5,89,70,45,0
73,86,3,32,28,3,38,91,81,2,13,48,38,1
54,81,3,14,9,25,44,51,72,9,89,97,53,1
20,74,8,30,24,6,63,30,71,4,88,55,19,0
80,65,7,20,22,10,46,86,32,7,56,97,24,0
28,43,3,2,4,13,22,77,4,10,59,79,19,0
68,65,7,65,17,9,31,91,77,6,63,34,21,1
60,41,7,34,8,18,48,13,57,5,80,70,24,0
47,30,6,40,29,7,80,0,76,5,43,69,30,0
51,67,9,58,15,2,18,42,10,7,75,74,28,0
75,27,5,15,6,7,97,95,83,2,57,31,48,1
26,58,7,55,24,28,77,58,22,9,21,69,35,1
78,54,6,44,26,17,66,60,44,2,95,81,46,0
36,68,4,58,24,4,38,40,26,9,54,24,53,0
67,65,3,49,9,19,88,17,78,4,79,46,59,0
70,57,1,84,4,10,59,59,93,10,53,98,38,0
41,27,10,11,6,8,10,68,55,10,45,28,17,0
49,73,7,91,4,18,48,78,58,6,36,54,48,1
67,56,8,11,14,11,14,58,79,1,63,32,34,1
67,59,3,32,18,26,82,41,39,5,1,63,55,0
44,53,3,83,9,4,60,79,17,6,92,65,9,0
53,98,4,48,7,15,42,99,50,9,97,87,13,1
57,36,1,20,23,25,14,35,60,9,67,96,14,1
36,52,6,59,8,24,78,39,22,9,79,93,26,1
57,66,4,51,10,12,78,29,35,3,33,72,52,0
28,71,5,53,29,5,72,86,37,4,32,20,21,1
79,99,3,38,27,15,4,10,71,8,87,30,44,0
32,28,7,48,21,17,82,24,55,8,58,69,20,1
24,52,7,63,1,16,87,44,38,2,26,28,11,1
56,79,4,99,2,11,28,50,92,8,61,57,51,0
16,96,5,85,12,26,61,42,75,7,17,32,42,1
17,40,2,25,10,0,59,65,81,9,73,24,50,0
75,77,0,70,27,6,68,98,82,5,69,44,35,1
63,88,8,6,9,13,21,46,99,2,29,29,48,1
44,29,8,71,26,27,12,23,96,5,63,24,31,1
25,25,2,61,14,17,49,76,68,2,6,41,18,0
73,32,3,89,5,22,46,36,27,5,59,61,14,0
75,84,6,87,0,0,28,55,89,9,99,39,56,0
36,39,1,23,13,19,79,93,20,7,21,47,49,1
43,76,2,39,17,9,99,74,61,7,45,40,5,0
49,65,5,75,23,30,16,86,22,1,45,30,17,0
23,27,10,46,10,14,19,45,20,9,87,88,21,0
74,29,7,7,7,28,77,27,74,6,35,56,14,1
64,92,0,53,21,10,5,92,15,7,52,68,3,1
32,86,3,8,2,3,21,51,61,2,46,88,31,1
75,30,0,2,13,14,8,14,96,1,66,52,25,0
60,31,1,53,1,20,31,44,90,4,57,64,47,0
47,29,7,20,28,29,87,57,64,9,42,27,44,1
59,44,5,94,15,15,32,66,79,9,73,25,17,1
80,68,8,47,5,29,76,72,4,3,77,34,26,0
23,68,1,46,0,25,98,71,45,1,98,34,17,1
58,30,2,87,13,14,69,96,63,2,16,28,56,0
16,81,8,67,9,30,48,97,81,9,5,80,19,1
66,55,8,83,5,16,29,72,40,9,1,75,27,1
39,58,5,62,8,22,15,80,97,1,22,24,7,0
39,72,2,15,6,10,64,40,43,9,48,45,26,1
32,97,4,73,24,17,81,64,88,1,26,99,5,1
20,75,1,89,1,27,85,39,97,10,34,76,2,1
35,20,6,92,10,30,89,4,14,4,58,54,16,0
36,75,9,4,13,15,13,93,67,5,85,29,45,0
73,23,10,10,4,26,55,74,50,8,7,99,11,0
46,49,7,28,8,14,36,27,53,5,25,40,39,0
26,31,5,78,6,28,48,37,67,5,57,31,23,1
67,54,7,69,24,10,77,80,88,4,12,28,35,1
30,96,1,47,13,12,89,86,76,9,31,35,6,1
22,71,2,14,26,17,49,17,41,8,27,92,37,0
43,50,6,83,15,7,35,36,45,9,86,73,1,1
66,87,9,33,21,30,51,26,24,7,34,42,33,0
73,71,0,59,15,8,22,24,66,7,81,58,18,0
20,99,6,61,30,21,65,68,34,5,75,41,55,1
20,26,5,1,6,10,70,82,72,10,93,74,3,0
23,41,7,79,9,16,44,26,77,1,34,50,57,1
79,94,6,18,20,0,85,76,21,6,37,93,19,1
25,75,3,97,5,29,27,53,8,10,58,66,10,1
53,77,2,48,16,10,19,6,23,6,60,46,20,0
23,83,2,77,0,6,48,89,22,10,26,67,11,1
40,31,3,87,1,7,56,77,60,4,45,58,32,0
65,26,8,27,26,18,81,26,36,2,45,40,40,0
64,74,8,47,13,24,87,58,44,1,32,34,20,1
51,81,1,95,3,3,96,71,14,3,69,100,55,0
56,92,4,36,26,3,58,30,56,9,84,64,32,1
77,96,0,73,8,18,25,98,99,1,71,38,43,1
25,74,3,48,22,23,18,90,13,5,23,72,37,0
36,55,1,47,5,8,12,67,51,10,65,74,22,1
51,43,7,72,30,16,73,3,83,6,39,68,56,0
27,63,3,87,16,17,61,17,35,9,67,97,4,0
17,36,4,99,20,0,13,62,26,1,45,80,13,1
28,21,10,28,10,13,72,86,16,5,67,79,6,0
68,32,3,59,27,3,10,95,89,1,63,95,29,0
47,50,4,28,28,9,66,75,40,2,70,43,58,1
31,47,4,57,3,22,11,51,3,2,95,58,2,0
47,79,4,47,20,13,34,83,2,5,54,80,57,1
47,46,10,22,26,6,38,62,18,10,27,42,60,0
26,34,2,26,8,11,31,44,40,4,93,91,25,0
25,98,6,94,27,21,13,11,39,6,79,98,32,1
30,52,2,6,15,28,64,7,57,5,36,58,60,0
32,39,1,48,2,26,26,21,38,2,5,91,26,0
55,61,2,53,3,15,100,90,6,9,67,30,26,1
33,31,10,67,23,4,59,40,35,10,51,61,38,0
70,92,2,77,2,10,42,40,82,8,89,44,22,0
40,42,7,41,12,3,64,80,75,9,32,53,10,1
74,91,3,73,18,27,54,56,19,6,21,41,23,1
37,33,2,58,28,12,92,31,75,5,17,21,4,0
45,44,9,43,24,29,87,96,28,5,73,70,16,1
59,96,4,97,20,7,80,94,93,2,26,35,55,1
47,50,3,25,25,6,34,54,83,4,22,30,42,1
66,73,8,22,0,10,94,5,67,2,41,97,33,0
61,24,7,72,22,10,31,38,65,2,59,88,13,0
36,32,10,100,22,25,18,8,46,8,87,81,46,0
47,47,6,7,30,16,94,31,93,4,75,38,55,1
54,62,7,52,5,21,38,35,22,4,10,48,44,0
27,66,4,13,21,13,19,15,5,7,87,61,13,0
62,90,3,70,2,1,27,11,17,4,5,42,33,0
33,57,6,6,2,19,2,40,52,9,55,79,59,1
36,86,0,8,15,20,31,66,21,9,26,92,14,1
28,81,5,2,9,7,85,57,100,3,4,37,8,1
36,58,7,77,26,21,57,90,67,6,27,100,26,0
23,56,6,16,24,26,53,90,74,7,98,74,22,1
61,27,1,43,16,1,41,8,34,3,58,37,46,0
22,100,6,85,6,20,14,16,74,4,3,46,1,0
38,71,5,45,12,14,82,4,97,1,50,20,59,0
37,52,4,89,27,4,61,25,8,9,96,33,60,0
37,100,3,57,10,5,30,84,30,7,26,78,49,1
44,61,0,27,9,16,60,0,95,10,18,97,16,1
28,95,1,13,6,7,25,0,42,7,7,52,44,0
17,46,6,8,23,18,68,34,98,9,45,55,29,1
44,27,9,25,5,4,56,8,74,6,13,58,52,0
67,42,2,1,23,22,19,86,16,8,6,95,23,1
42,83,4,74,0,18,65,37,50,5,35,64,5,0
65,39,7,80,16,13,20,3,99,8,95,44,21,0
38,35,7,33,24,9,59,51,65,10,53,34,56,0
59,36,5,18,11,30,62,18,23,1,68,39,50,0
37,99,4,38,3,12,50,100,14,3,42,53,36,1
58,38,1,81,2,30,99,4,27,4,4,77,20,1
52,27,8,12,5,21,91,91,2,9,60,79,43,0
76,57,0,4,25,4,83,47,28,8,45,97,8,1
71,57,10,49,27,6,100,86,51,8,72,49,54,0
18,72,1,22,15,9,38,62,53,2,75,32,26,0
78,50,0,87,12,30,99,37,57,7,66,97,41,0
34,63,3,28,27,10,10,51,44,3,82,86,58,0
38,79,3,71,8,2,56,86,76,6,82,64,25,1
44,95,4,25,25,12,2,45,49,4,22,59,52,1
45,36,4,78,10,29,36,81,21,6,12,99,42,0
54,98,7,56,19,1,83,92,51,4,81,57,7,1
40,92,10,0,24,3,95,91,52,3,51,94,51,0
23,58,10,27,30,2,24,8,30,2,17,66,22,0
73,61,2,61,20,14,20,49,70,4,36,48,33,0
31,67,5,46,12,3,79,73,47,10,93,53,5,1
16,31,2,77,22,22,41,65,89,2,49,30,38,0
20,37,1,97,18,20,0,76,30,7,16,39,12,0
18,98,7,58,2,3,22,37,3,1,75,39,60,0
80,25,0,30,11,29,23,26,34,1,44,92,44,0
19,62,8,69,18,14,46,19,96,5,22,75,53,0
79,54,10,48,7,5,88,61,66,7,94,42,14,0
25,73,6,4,13,22,6,73,63,1,8,44,7,1
36,81,9,30,21,27,37,15,82,4,18,52,28,1
61,88,10,36,8,29,46,78,8,5,80,50,52,1
42,35,3,78,24,26,34,12,45,2,84,93,53,0
56,27,2,14,23,4,77,19,82,7,72,98,52,0
28,50,5,51,16,11,61,23,55,4,94,20,46,0
24,29,8,68,5,6,72,49,55,8,38,73,16,0
51,75,8,91,3,2,2,6,82,1,29,35,41,0
73,95,3,96,3,6,19,86,25,10,77,78,2,0
69,89,9,10,18,11,96,87,59,1,81,85,49,1
27,39,4,42,11,14,43,28,76,1,81,22,31,0
29,24,10,69,24,18,31,4,85,4,73,34,36,1
49,42,8,22,1,29,99,34,71,1,2,51,14,0
68,28,1,39,16,5,25,64,87,5,59,69,46,0
35,77,1,62,29,7,47,99,89,6,42,79,28,1
31,78,4,1,14,28,4,81,47,7,88,27,47,1
71,99,0,78,9,30,58,69,57,8,21,26,32,1
73,73,7,86,2,5,60,86,62,8,2,23,28,0
19,65,4,85,28,25,48,73,57,2,5,29,12,0
19,41,9,72,30,26,29,6,2,4,17,79,13,0
35,83,1,46,19,2,16,43,6,7,24,44,22,1
25,27,8,29,3,27,69,71,51,9,8,61,42,0
39,39,1,15,21,4,57,12,61,9,30,66,48,0
41,70,6,58,0,8,62,93,1,3,50,51,29,1
52,97,7,46,0,23,60,81,32,7,22,93,30,1
69,58,5,29,17,15,62,77,11,4,59,92,15,0
36,56,10,8,3,21,14,74,47,9,24,44,40,0
53,69,6,64,22,15,0,37,75,7,26,35,4,1
61,53,10,58,21,8,12,12,52,6,61,68,33,0
19,94,0,63,14,17,47,53,73,9,8,35,46,1
75,52,3,7,26,12,33,43,40,7,12,57,9,1
72,50,6,51,24,10,29,96,90,8,14,24,51,1
60,73,0,17,22,24,18,12,81,5,30,26,38,1
35,63,0,90,27,9,63,24,57,4,55,96,16,1
32,53,10,81,20,28,65,23,67,1,99,27,26,0
19,90,5,95,21,9,56,28,22,8,61,52,56,0
29,81,3,57,9,5,43,99,84,6,62,81,43,0
18,42,2,48,24,15,11,69,35,4,31,93,53,0
73,65,4,31,16,24,39,17,93,3,92,51,27,1
70,75,8,47,26,11,23,91,84,5,27,20,55,1
19,26,9,44,24,3,10,4,86,4,100,39,11,1
39,80,9,53,21,4,65,17,20,7,1,74,46,0
49,22,10,99,11,1,0,62,71,6,41,82,43,0
45,57,9,99,19,18,57,36,54,3,14,97,26,0
34,53,2,84,11,0,27,70,55,10,74,98,14,0
46,63,4,45,15,3,67,54,12,1,50,25,57,0
75,49,9,95,4,11,93,72,21,7,42,71,1,1
75,36,4,30,28,1,58,98,6,5,71,21,11,0
34,78,8,36,15,11,70,11,23,1,40,58,30,1
64,29,10,15,16,30,21,51,60,1,14,51,24,1
78,37,9,45,22,15,89,56,4,6,100,70,50,1
37,64,10,45,28,1,28,45,49,4,91,88,49,0
39,78,3,77,30,16,88,43,61,8,11,51,4,1
45,81,0,87,14,25,73,23,54,2,63,22,22,0
73,78,9,88,12,27,83,8,25,4,49,81,46,0
46,68,4,60,7,1,77,11,9,8,37,32,8,0
79,82,0,45,26,3,96,99,10,8,10,89,47,1
34,51,5,50,20,5,68,100,39,5,54,40,16,1
63,29,9,61,1,28,44,8,10,3,7,80,33,0
60,30,9,34,7,27,69,21,93,4,81,33,33,0
70,89,6,80,9,22,85,16,3,3,12,90,10,1
70,81,0,41,6,6,16,32,1,2,55,41,2,0
33,66,9,44,9,22,78,46,76,4,36,51,57,1
78,53,3,67,24,14,38,87,38,9,7,60,44,1
62,36,8,74,3,19,39,14,80,6,24,51,4,0
72,73,0,46,10,11,27,92,22,4,34,61,23,1
60,95,8,78,8,4,1,95,44,1,65,71,51,1
48,59,7,29,3,13,81,32,73,7,29,100,27,0
32,38,4,23,2,15,26,92,76,2,26,73,33,0
19,86,5,65,30,10,20,14,41,6,74,81,33,0
35,72,6,42,10,11,86,26,41,10,65,62,41,1
62,83,3,33,2,18,6,97,28,1,45,22,20,0
30,66,5,22,25,16,60,60,15,7,17,57,13,1
62,25,6,60,17,29,51,67,66,4,36,100,11,1
24,35,10,94,25,23,47,81,99,3,73,58,19,0
31,91,5,36,18,25,18,84,59,10,63,89,53,0
76,37,10,12,13,26,72,47,3,7,23,64,49,0
25,71,5,96,23,6,11,7,99,3,93,65,32,0
65,67,1,70,10,29,93,5,15,8,66,32,3,0
18,62,4,95,23,8,70,62,40,4,82,71,52,1
66,58,2,6,1,13,1,83,5,3,92,28,13,0
34,68,6,41,26,25,16,1,41,7,42,76,28,0
57,31,3,37,1,19,74,21,56,7,71,88,22,0
50,29,0,51,1,11,75,20,27,9,75,62,57,0
61,90,5,43,9,14,2,5,99,10,71,26,19,0
41,74,5,63,22,11,20,95,22,7,43,63,31,0
79,20,6,12,14,20,77,69,75,6,88,63,20,0
52,68,10,87,21,20,78,12,41,3,55,87,53,0
64,55,7,27,11,28,50,0,94,4,56,96,24,0
36,40,2,95,10,22,9,21,11,8,79,63,32,0
79,56,5,81,16,12,54,23,95,6,31,98,9,0
20,43,9,97,17,8,35,63,88,9,83,59,51,0
19,74,1,97,13,23,50,40,63,8,56,96,19,1
54,44,8,0,16,6,73,93,57,8,74,62,23,0
50,26,1,42,14,29,16,21,50,10,48,81,25,0
16,100,2,41,11,0,88,60,28,10,52,62,33,0
39,90,9,94,26,27,60,11,18,7,72,38,49,0
72,90,1,49,15,9,90,89,85,10,1,68,46,1
56,43,8,59,22,28,96,3,87,1,2,84,44,0
69,30,0,0,5,5,74,82,96,5,93,96,2,0
61,92,4,50,1,25,12,79,99,7,42,44,54,1
75,31,0,15,1,14,64,11,44,10,74,60,3,0
75,54,4,38,15,14,94,32,53,9,9,42,28,1
72,82,7,14,1,8,96,20,79,4,31,77,56,1
46,87,7,32,7,12,84,99,65,8,96,62,37,0
39,76,10,86,29,22,79,72,71,1,2,59,35,1
51,32,7,52,6,0,86,71,12,4,24,49,14,0
45,42,1,97,0,8,73,83,93,4,43,53,24,1
39,58,7,16,3,2,47,73,64,2,70,29,56,0
45,99,4,88,10,29,96,95,11,3,72,79,50,1
22,31,0,5,19,8,85,91,70,3,89,20,37,1
50,53,6,30,6,19,69,73,13,9,43,31,3,0
70,90,5,68,17,30,46,71,41,7,51,65,23,0
29,94,4,39,3,24,99,51,98,2,89,94,34,1
25,50,0,29,16,28,9,46,91,9,46,36,9,1
31,81,0,68,28,14,56,96,75,8,75,77,18,1
69,32,5,75,30,23,79,58,47,6,99,57,59,1
59,50,9,6,28,6,12,46,23,6,1,25,2,0
60,21,6,12,10,3,60,55,64,2,87,81,22,1
71,34,9,3,10,24,57,12,16,3,67,93,51,0
72,76,9,49,19,19,83,43,37,6,1,29,35,1
36,94,0,2,10,16,67,34,27,3,63,45,31,1
65,53,8,11,14,21,83,28,32,7,76,77,26,0
48,87,3,64,13,3,85,55,23,5,62,36,50,1
22,94,4,26,16,25,28,4,69,4,61,72,14,1
30,48,1,49,1,18,15,66,84,8,40,97,45,1
47,85,9,76,17,27,62,52,3,2,95,24,48,0
35,35,7,16,15,4,46,100,32,3,29,86,53,0
30,58,1,71,11,15,42,59,9,10,35,39,28,0
63,96,2,31,9,2,22,5,35,4,92,70,11,0
36,56,8,83,27,10,29,47,76,10,85,65,32,0
57,100,1,50,15,24,56,79,99,6,11,98,21,1
41,40,5,16,2,27,29,34,72,5,90,86,23,1
29,63,3,33,7,21,66,17,30,5,11,22,56,0
72,38,6,34,26,14,55,10,3,7,63,42,24,0
52,90,5,98,21,18,23,50,83,8,69,28,12,0
73,27,9,23,21,20,100,22,7,6,56,30,3,0
36,96,8,53,24,23,76,46,26,3,7,66,6,1
18,85,8,17,23,13,95,74,35,4,51,68,48,1
52,60,9,49,1,15,100,58,8,1,95,63,12,0
64,94,3,45,30,23,75,56,42,5,39,32,53,1
34,89,0,47,21,5,7,92,23,10,42,27,20,1
27,80,1,32,0,4,87,55,36,8,72,82,58,1
76,45,7,86,28,30,43,26,40,3,53,41,6,0
56,90,9,88,13,20,79,72,93,10,91,57,20,1
48,89,7,100,24,16,95,34,25,4,21,46,14,0
65,48,1,26,3,15,33,54,3,4,30,45,56,0
48,85,3,0,3,1,34,8,0,6,78,42,41,0
39,38,0,84,8,30,95,17,19,9,1,84,49,1
76,87,6,58,2,27,49,43,91,10,24,93,44,0
76,77,3,9,4,10,16,20,44,3,6,66,1,0
43,89,10,94,0,3,1,55,87,4,6,80,20,0
73,76,7,24,21,5,89,47,91,6,69,65,22,1
58,56,8,83,18,26,53,99,91,6,62,23,40,0
56,80,8,56,0,6,43,0,68,7,35,50,31,0
54,49,2,65,9,16,80,26,95,1,79,23,31,0
64,90,4,14,21,7,48,44,51,9,35,48,28,1
32,92,5,27,29,27,1,62,93,2,48,92,12,1
80,44,5,12,11,0,71,57,63,4,72,98,16,1
20,84,9,13,9,24,69,39,20,3,43,63,33,1
17,25,7,65,1,14,8,62,79,3,35,22,35,0
37,37,5,33,15,19,0,37,71,5,5,78,44,0
72,29,5,98,7,11,68,28,75,7,31,98,4,1
31,30,3,100,13,14,8,39,95,7,31,72,10,0
66,84,6,24,28,22,13,18,24,7,8,30,34,0
54,96,7,53,14,26,26,87,66,3,6,25,41,1
55,84,2,78,15,29,8,55,25,9,87,66,3,0
53,71,6,11,10,21,35,43,99,6,53,26,31,1
75,86,2,8,11,14,92,64,80,10,80,87,52,1
74,97,7,30,1,28,83,99,26,8,44,20,31,1
25,50,0,77,3,8,78,86,51,1,49,75,52,1
79,36,0,92,29,15,99,12,62,4,8,96,1,0
78,74,5,52,2,29,2,29,85,7,64,62,5,1
64,55,9,42,8,1,22,48,44,9,4,47,5,0
79,45,8,37,17,14,72,100,57,3,32,48,2,1
47,72,3,41,18,14,29,74,37,6,53,37,15,0
22,36,5,71,6,26,18,62,34,8,67,92,1,0
36,44,4,47,3,6,66,70,45,3,63,81,21,0
35,21,0,66,5,26,49,34,70,6,80,25,37,0
41,24,5,65,18,20,47,10,2,9,60,35,7,0
30,23,8,15,0,12,2,48,5,9,98,20,11,0
29,55,2,82,15,22,97,39,12,6,77,41,26,0
42,25,10,93,10,16,65,20,45,5,33,65,42,0
55,40,2,15,21,10,26,46,78,1,22,81,2,1
73,96,1,30,3,26,86,2,89,3,31,42,30,1
43,45,3,57,17,9,95,29,32,3,24,40,60,0
41,74,9,27,22,24,98,87,78,4,3,70,14,1
78,58,2,3,30,0,39,66,61,5,33,57,56,0
40,52,1,9,25,13,17,61,62,8,94,47,53,0
18,33,0,50,28,4,26,36,55,9,26,63,5,0
59,75,2,17,27,29,10,96,38,7,98,58,31,1
57,100,9,46,30,7,38,21,59,10,51,61,48,0
21,40,5,31,28,0,18,30,77,6,86,61,32,0
54,65,8,29,4,6,88,45,82,3,30,79,57,0
67,35,10,35,21,1,6,75,91,9,35,76,34,0
38,35,4,8,5,6,94,44,23,10,25,96,10,0
65,48,2,35,29,6,56,13,49,1,28,26,31,1
58,27,4,28,24,8,1,11,32,9,97,70,27,0
34,22,4,15,27,21,37,62,75,3,87,96,18,0
66,38,4,91,1,3,4,90,73,9,26,51,5,0
26,85,6,20,11,22,77,76,6,10,73,26,17,0
27,98,4,63,21,6,81,87,45,1,8,95,11,1
23,93,6,65,8,19,35,37,61,8,97,59,5,1
39,41,8,58,27,17,67,46,0,6,15,34,53,0
56,65,4,98,19,12,87,53,78,9,49,78,56,0
51,32,1,27,28,10,76,54,64,4,8,31,38,0
70,52,4,54,11,8,84,47,44,5,55,96,59,0
24,24,7,99,28,13,56,72,83,6,85,61,54,0
62,96,3,30,12,7,96,71,54,9,58,58,48,1
30,46,1,32,26,20,19,100,65,6,3,82,37,1
63,97,9,86,21,13,4,14,66,9,9,21,21,1
57,43,2,59,22,20,23,70,99,2,14,48,24,0
75,86,8,40,16,16,98,87,79,4,91,80,30,1
27,82,8,80,4,26,29,15,53,3,20,48,16,0
17,67,7,45,19,24,27,87,92,4,4,57,49,1
22,82,7,48,12,26,52,42,99,1,24,26,41,1
18,97,7,64,28,13,50,6,62,2,91,49,22,0
18,31,7,41,12,25,6,42,53,4,76,75,57,0
42,47,7,22,9,26,41,27,51,10,28,55,2,0
55,63,0,26,14,23,34,65,53,4,99,61,19,0
48,62,5,88,14,4,93,97,66,5,88,23,49,0
16,36,8,31,17,9,33,59,36,9,31,24,37,0
23,59,7,82,17,5,72,2,11,1,67,65,2,0
47,68,2,87,1,27,75,0,58,8,94,94,11,0
63,76,10,2,22,9,53,30,19,3,64,21,33,0
19,83,0,59,10,10,28,55,86,9,91,73,9,1
34,94,1,75,12,25,9,86,85,8,17,78,59,1
47,76,10,98,10,23,26,83,31,8,6,52,25,1
24,93,1,78,3,5,82,79,70,9,82,41,6,0
27,93,6,16,14,9,12,45,85,4,60,66,11,1
26,89,5,31,21,13,41,31,43,5,99,25,27,0
61,95,10,6,22,19,36,80,65,7,91,43,8,1
31,62,1,82,24,2,60,17,77,2,81,68,45,1
16,42,7,70,10,6,95,67,54,7,11,70,31,0
78,46,8,68,17,28,78,34,15,3,38,60,27,0
36,77,6,57,15,1,20,99,87,6,34,86,44,1
45,56,3,39,9,6,2,22,70,6,47,98,41,0
28,25,0,84,11,16,7,78,67,6,32,100,47,0
49,84,3,47,12,12,69,12,51,10,57,21,5,1
19,25,3,50,8,25,92,77,36,2,46,97,15,1
43,69,7,56,26,20,82,13,45,9,35,62,2,1
74,41,3,70,20,30,16,36,40,8,92,51,15,0
42,44,3,36,12,8,9,4,4,7,22,31,31,0
40,98,1,86,5,12,96,21,65,9,16,42,20,0
18,91,9,74,5,14,12,27,4,4,76,35,3,0
40,70,6,73,10,12,90,3,62,2,5,63,42,0
35,67,3,84,18,16,11,49,2,4,90,21,39,0
49,89,10,54,26,7,65,28,7,10,26,26,10,0
41,84,5,40,10,8,73,36,25,3,77,40,26,0
20,79,2,96,9,8,84,34,73,2,24,77,10,1
76,65,6,19,22,7,22,19,97,2,67,42,40,1
24,55,5,32,14,15,64,34,99,8,32,79,13,1
65,77,2,39,12,19,96,98,52,5,23,44,21,1
21,95,3,98,22,29,51,83,75,6,49,54,34,1
75,57,9,33,7,29,60,1,83,8,62,64,44,0
59,30,4,61,4,6,25,57,28,7,77,26,32,0
26,31,8,99,1,16,14,17,13,7,79,88,9,0
62,61,5,90,15,6,21,93,4,7,66,51,30,0
18,58,3,18,30,5,88,55,26,7,11,72,1,0
45,90,10,42,12,4,64,63,67,8,80,88,53,1
36,30,10,68,18,16,25,92,28,1,18,44,12,0
43,55,6,62,8,7,20,51,2,3,98,96,44,0
77,71,1,92,14,25,23,21,96,1,10,21,35,0
48,50,3,9,5,0,15,92,29,8,77,80,24,0
50,52,4,12,7,15,31,59,99,2,96,28,40,0
67,32,3,92,23,16,15,9,8,7,60,70,45,0
49,37,3,4,13,29,76,83,0,6,8,21,60,1
56,60,10,57,4,30,41,79,22,1,71,64,60,0
66,77,8,58,16,2,31,5,66,6,48,51,49,0
62,75,10,75,21,12,49,80,31,9,81,91,52,0
73,43,1,58,6,7,40,5,87,3,41,99,60,1
72,92,5,76,8,15,23,85,5,7,91,94,10,1
38,50,7,85,15,23,12,81,76,4,8,51,47,0
63,74,7,14,17,29,74,95,48,1,93,27,24,1
37,29,10,76,27,30,78,27,14,7,37,39,57,0
32,79,6,0,12,6,9,41,57,1,91,84,41,0
26,21,9,37,17,20,41,73,52,4,37,40,18,0
30,34,10,52,9,14,40,40,29,9,64,26,57,0
50,22,3,51,0,23,2,62,75,5,59,28,8,0
48,62,6,0,20,1,54,21,39,7,88,21,59,0
31,50,9,10,17,23,15,91,58,7,45,38,46,1
49,89,5,57,18,27,43,78,62,3,16,79,43,1
55,86,10,39,1,26,80,28,47,8,26,89,13,1
43,75,5,85,26,1,88,70,98,1,31,78,16,1
62,82,1,98,3,9,29,33,91,4,27,88,14,1
54,94,7,59,10,4,98,95,67,10,90,64,9,0
35,34,7,43,2,26,36,1,6,4,43,81,9,0
16,29,10,5,8,28,59,25,46,2,15,29,51,0
78,57,6,27,9,3,76,74,42,6,58,84,5,1
19,66,10,30,27,14,23,88,15,1,49,45,47,0
73,76,8,7,1,12,25,18,21,3,79,79,11,0
40,69,7,4,6,16,57,19,62,9,87,37,19,1
62,90,8,53,14,20,8,32,45,10,25,78,38,1
53,34,8,16,26,22,60,80,44,6,68,40,10,1
30,37,5,37,29,0,18,93,40,2,36,65,16,0
78,21,1,8,18,17,27,81,24,9,80,31,29,0
36,62,6,73,9,27,6,95,49,2,47,97,5,0
72,45,2,83,23,14,44,3,66,7,59,51,18,0
68,90,6,77,19,13,85,31,51,1,85,58,51,1
61,57,8,13,13,8,93,18,85,5,52,100,55,1
29,61,9,25,3,11,62,2,30,7,40,74,42,0
32,24,9,92,24,4,36,91,36,3,43,74,42,0
54,30,1,61,10,29,15,60,21,4,56,29,44,0
24,84,5,90,2,28,99,37,26,5,81,54,53,0
21,53,5,24,22,22,4,5,1,3,3,99,35,0
38,20,8,79,16,1,28,55,21,6,71,25,36,0
74,21,8,35,6,22,51,39,52,3,12,87,22,0
61,39,4,97,25,22,22,80,16,8,65,81,24,0
53,80,4,79,10,6,5,68,55,7,43,28,12,0
29,40,8,32,17,20,35,82,83,1,70,48,39,1
77,87,7,2,27,8,56,41,87,2,46,90,12,1
50,31,6,86,13,17,32,98,30,4,60,99,35,1
34,41,7,10,13,3,48,85,42,5,61,25,50,0
45,39,5,57,5,1,40,87,71,10,49,63,19,0
40,20,2,63,30,23,79,73,52,4,87,83,37,0
55,49,6,17,28,27,54,1,4,4,25,86,14,1
29,43,7,46,8,26,97,27,1,9,89,63,23,0
41,33,7,43,21,0,25,100,58,4,3,97,40,1
37,55,0,92,2,24,36,16,3,4,68,33,22,0
63,88,6,58,16,11,76,69,98,4,63,28,47,0
66,94,2,49,27,12,16,68,33,2,30,42,48,1
18,43,1,68,11,13,95,38,66,8,97,76,50,0
57,79,1,87,30,4,31,6,83,4,93,76,11,0
34,74,7,28,3,26,27,31,72,5,4,34,2,0
43,96,8,92,19,27,92,3,5,8,78,83,10,1
60,99,2,89,15,2,24,20,57,4,85,26,43,1
78,43,2,66,28,27,46,31,46,5,71,39,5,1
34,96,5,1,23,26,21,81,4,5,21,83,59,1
62,43,10,24,9,3,90,96,60,6,71,38,30,0
29,73,9,18,25,16,60,13,55,7,1,25,21,0
53,45,0,39,29,18,43,69,34,3,60,70,49,0
68,85,5,1,28,10,19,74,94,10,34,58,33,1
76,99,2,82,6,7,49,45,12,3,87,84,25,1
51,57,10,64,9,11,87,19,25,9,3,90,46,0
55,84,3,61,6,17,46,92,85,1,18,44,47,1
45,94,8,90,22,17,46,57,95,10,43,42,7,1
24,70,2,53,27,8,71,98,63,8,76,77,40,1
79,54,0,44,17,4,50,79,78,10,78,30,28,0
48,62,2,48,8,20,54,47,10,3,41,53,16,0
67,48,6,98,21,16,77,6,61,5,92,50,45,0
29,56,6,68,17,12,38,39,79,3,24,57,37,0
68,100,10,37,16,5,13,58,46,10,24,65,3,0
74,77,4,3,10,23,68,35,69,1,3,31,45,1
56,73,0,16,0,21,46,43,74,10,59,28,19,0
23,58,10,52,16,13,20,30,57,5,58,32,12,0
17,61,7,84,3,14,14,41,9,8,73,83,19,1
56,47,9,52,3,22,99,43,15,5,24,39,49,0
70,48,7,30,13,13,96,42,11,4,66,78,11,0
31,62,9,21,27,3,80,42,70,9,40,41,59,1
77,22,9,10,8,17,83,46,90,1,92,84,3,1
63,29,9,33,12,0,0,5,87,5,71,79,2,0
45,78,1,14,27,11,79,92,49,1,9,60,56,1
27,33,9,9,27,21,81,90,14,6,60,100,58,1
50,95,2,95,15,8,9,65,58,10,39,64,46,0
26,66,3,52,0,9,22,85,69,9,33,23,26,0
79,61,0,47,2,20,17,8,61,2,34,89,22,0
65,51,3,30,18,27,57,10,82,4,62,64,53,0
36,51,4,36,7,17,72,79,71,8,85,77,17,1
63,61,2,27,17,16,93,76,61,3,61,42,34,1
35,51,10,30,5,18,76,17,99,7,93,51,50,0
59,45,9,69,26,3,51,24,49,7,27,82,55,0
48,20,1,13,19,15,94,96,76,2,17,27,15,1
76,75,5,86,28,6,45,73,53,10,60,100,12,0
24,21,7,15,25,8,12,57,53,4,42,100,16,0
50,100,6,24,5,7,95,29,96,1,47,98,16,1
80,49,10,38,28,24,16,0,95,8,87,44,39,1
23,90,0,65,4,6,66,62,27,10,53,52,6,1
60,71,3,37,11,9,60,96,50,10,21,85,46,1
62,28,2,40,8,7,64,78,73,9,8,35,8,1
55,41,5,97,8,23,52,28,32,1,73,74,52,0
69,53,8,39,16,16,4,65,0,7,97,55,25,0
61,68,8,63,18,11,31,74,84,1,58,91,56,1
62,20,6,88,16,13,88,52,68,1,68,99,19,0
30,92,8,99,21,30,44,97,0,9,63,26,19,0
34,72,7,15,15,11,55,18,54,10,59,88,60,0
41,59,4,81,11,30,4,65,84,10,82,27,12,0
67,64,8,76,2,24,100,83,88,6,96,22,9,1
37,87,6,58,13,1,86,51,83,1,30,54,41,1
36,28,4,100,16,11,75,30,44,7,25,55,29,0
66,41,7,90,21,26,33,59,72,3,97,98,27,1
53,37,6,97,15,13,60,67,79,10,99,49,5,0
35,95,8,10,20,6,86,92,91,4,56,34,26,0
44,62,9,0,11,28,79,29,39,4,34,87,30,1
66,58,0,12,27,25,61,12,60,8,50,77,14,1
19,92,8,29,23,25,68,14,35,1,2,47,33,1
70,25,6,68,29,12,62,19,23,8,77,61,35,0
43,67,0,17,1,20,43,33,79,9,53,37,11,1
19,26,0,77,7,3,27,91,13,7,41,24,53,0
37,99,4,12,11,0,69,19,97,1,23,28,4,1
60,88,7,31,20,16,12,49,87,7,61,28,52,1
49,35,8,70,15,2,42,88,74,6,87,37,33,0
70,20,5,71,7,29,29,26,99,5,31,75,6,0
16,56,9,49,27,30,25,29,0,5,66,34,28,0
53,56,7,70,15,16,80,55,46,1,2,98,10,1
21,100,5,79,9,7,62,83,75,6,69,97,59,1
40,83,10,30,19,2,72,64,20,4,60,81,36,1
32,81,5,50,14,26,56,98,72,1,78,54,49,1
76,91,3,26,3,9,63,54,38,8,23,59,26,1
27,80,10,59,25,1,79,23,2,8,57,70,30,0
21,52,4,32,30,21,48,24,15,4,35,79,22,0
42,85,1,52,14,3,51,52,67,7,1,75,53,1
23,49,2,92,3,28,62,75,25,3,48,94,5,0
80,39,2,71,29,28,81,10,53,8,49,60,2,0
72,79,10,32,10,13,12,93,12,7,40,73,33,0
55,93,4,40,30,10,92,59,60,5,62,36,16,1
29,43,4,18,5,13,87,76,19,5,15,44,7,0
50,23,5,84,3,12,44,46,82,9,30,28,21,0
63,56,4,40,8,26,45,24,26,6,21,75,35,1
71,23,5,84,8,28,76,24,1,6,8,42,46,0
64,96,7,88,2,3,88,16,9,2,7,21,22,0
28,96,1,41,22,1,40,11,59,5,34,64,51,0
76,37,3,22,27,1,45,51,88,4,64,84,48,1
64,85,5,74,4,10,0,10,18,10,42,57,22,0
61,67,4,32,14,21,72,9,14,3,53,25,6,0
77,52,0,19,27,4,67,80,46,9,96,67,57,1
23,77,8,24,8,8,91,59,23,7,97,63,56,0
58,92,2,89,1,19,11,53,15,4,70,98,33,1
35,47,1,51,2,20,87,79,80,9,10,26,39,1
54,54,8,11,25,30,72,62,59,9,90,85,43,1
64,29,6,31,20,16,34,19,79,7,58,81,25,0
79,84,4,32,11,11,98,4,81,5,90,49,18,1
77,61,5,73,15,27,32,40,48,9,83,95,41,0
69,28,10,67,4,17,57,62,3,7,99,71,54,0
24,79,3,14,9,2,34,55,65,9,4,55,35,0
52,34,0,50,27,4,45,31,48,3,89,54,24,0
64,76,3,5,14,27,83,26,30,9,8,85,55,1
56,88,8,90,13,20,65,67,65,1,12,69,60,1
32,41,0,68,13,19,43,47,53,5,88,22,40,0
36,83,9,68,22,13,25,6,1,2,88,95,40,0
66,60,2,81,12,15,41,45,60,1,81,23,23,0
74,90,4,91,15,25,76,77,14,3,25,74,33,1
54,75,6,34,29,18,29,87,59,7,97,71,29,0
70,42,8,85,7,8,31,17,42,3,27,78,10,0
56,44,5,33,7,16,35,37,92,10,2,90,15,1
54,25,2,62,29,21,18,64,97,10,73,39,10,0
28,53,6,67,16,6,21,16,39,9,55,38,26,1
79,82,3,17,29,9,64,89,95,3,58,27,40,1
26,28,2,25,16,3,56,85,84,6,33,86,53,1
34,79,6,85,2,9,10,81,29,2,83,46,29,0
26,68,10,96,0,2,25,37,62,8,49,98,34,0
61,70,10,60,16,23,47,91,23,10,5,27,18,0
60,79,6,77,25,8,18,84,43,5,47,37,2,1
16,89,3,94,23,12,82,62,13,2,84,48,25,0
55,56,6,73,15,0,11,96,27,7,24,65,21,1
34,50,10,87,16,14,66,93,13,3,95,55,51,0
76,60,1,84,24,30,55,41,55,5,44,22,31,1
27,81,0,47,1,14,17,7,33,9,68,28,22,1
76,77,1,71,24,30,4,29,77,1,96,29,9,0
48,33,3,95,13,10,23,63,88,2,99,85,27,0
60,55,7,30,6,27,77,8,11,5,14,20,25,0
23,55,2,33,24,9,37,96,55,4,36,23,25,1
40,98,9,86,18,24,66,56,60,1,51,67,27,0
61,27,5,88,0,6,69,58,60,7,6,37,10,0
45,45,5,6,16,0,75,92,39,9,17,97,30,1
62,55,8,82,26,6,51,94,19,1,82,64,59,0
64,67,8,6,30,4,74,66,41,8,72,34,4,1
62,47,3,46,9,25,38,74,6,9,51,70,21,0
33,87,8,7,5,28,58,4,78,2,52,80,60,1
48,81,5,77,6,28,25,94,72,1,12,23,30,1
51,99,1,0,24,22,64,83,67,6,81,38,33,1
34,95,9,76,5,15,79,3,30,7,95,96,43,1
43,99,10,2,4,27,47,7,86,2,1,30,26,1
55,70,5,52,29,24,52,41,69,5,11,47,54,1
30,61,1,91,1,7,8,34,91,5,16,76,2,0
56,48,7,37,17,21,4,12,75,7,92,94,23,0
54,29,3,50,23,1,71,4,46,1,9,73,31,0
17,58,4,14,30,7,60,39,50,10,8,84,4,1
78,20,7,99,16,27,20,18,57,8,25,66,47,0
44,58,10,66,23,13,96,81,21,5,74,23,20,0
66,40,7,63,26,3,62,96,23,3,40,53,25,0
25,84,5,67,25,23,19,3,33,9,67,95,45,0
29,34,3,4,26,14,57,58,62,3,23,73,1,1
66,23,0,89,22,6,44,17,59,7,62,80,54,0
54,79,6,88,6,19,21,23,18,10,23,39,2,0
43,80,7,9,20,7,76,92,23,7,44,22,6,1
18,39,8,7,18,26,74,30,63,10,56,59,7,1
42,29,1,11,6,10,81,57,19,8,68,88,51,0
17,53,0,63,22,27,62,27,97,10,23,42,4,1
53,67,3,58,6,26,29,8,26,8,9,88,18,1
18,52,4,66,15,1,62,44,57,4,4,51,55,1
31,80,9,90,11,8,96,89,43,1,34,43,41,1
55,29,0,49,14,5,43,48,92,4,82,70,53,0
17,73,4,22,14,22,66,1,64,6,34,77,43,0
56,84,5,39,10,25,57,5,45,10,98,61,5,0
27,96,2,96,1,0,64,28,99,6,42,54,25,0
50,20,6,77,2,2,35,25,53,6,3,51,56,0
80,24,5,86,18,29,5,27,38,7,83,73,1,0
70,99,3,94,19,9,36,6,6,1,34,64,34,0
60,34,2,76,27,4,92,33,53,10,90,67,55,0
77,47,4,75,24,30,74,55,42,1,99,68,3,0
64,42,2,98,25,11,54,9,19,7,95,53,54,0
40,36,9,17,14,22,76,56,83,4,43,35,17,1
38,32,8,20,15,0,74,46,24,6,91,30,32,1
39,33,8,0,0,8,58,85,42,6,67,38,24,0
53,30,5,37,14,20,37,26,84,9,37,48,2,1
43,47,10,40,30,12,24,38,72,2,12,73,1,0
36,61,5,41,11,27,78,21,26,4,87,72,34,1
69,80,3,8,6,18,76,18,91,4,81,86,8,0
33,83,3,22,6,6,32,99,24,7,16,95,45,1
51,50,1,77,10,25,12,8,35,1,62,51,58,0
60,100,9,10,19,15,37,18,97,5,17,75,46,1
68,92,3,70,28,7,57,1,65,4,15,82,53,1
45,29,7,30,10,25,87,91,8,2,26,23,44,1
75,27,9,87,16,25,19,60,82,5,45,30,9,0
47,40,1,25,2,18,16,58,78,9,2,22,28,0
43,96,8,29,15,6,23,85,52,8,17,46,19,1
59,78,0,33,4,22,25,69,20,9,65,99,56,1
56,69,1,45,27,3,39,70,49,7,94,63,20,0
78,88,1,68,1,9,31,69,15,10,96,37,7,0
38,89,10,4,22,24,92,32,65,7,30,49,58,1
63,49,5,60,29,0,77,77,25,2,68,89,42,1
47,36,6,82,25,16,36,64,43,3,44,66,56,0
72,94,2,37,25,20,85,24,28,10,96,53,35,0
48,39,10,27,6,12,97,69,96,8,60,95,19,1
39,67,8,25,27,18,90,27,97,2,99,61,17,1
54,92,4,60,9,25,91,17,45,7,1,42,40,1
49,21,4,22,4,12,85,62,90,6,19,59,18,0
71,56,10,45,14,8,59,90,70,10,33,34,7,0
43,20,3,29,11,4,56,48,48,4,83,99,27,0
52,23,8,66,9,22,57,65,14,4,36,76,39,0
22,73,7,91,30,0,66,39,16,3,91,33,30,0
52,44,3,32,21,1,21,84,8,6,77,98,23,0
71,22,3,2,16,30,57,86,76,3,91,31,20,0
80,28,1,68,19,10,84,65,31,9,78,54,23,0
80,95,8,82,19,27,79,79,65,4,24,44,26,1
62,93,2,41,10,3,72,3,58,4,99,97,48,1
35,53,3,61,7,30,76,33,31,2,83,21,47,0
34,62,6,57,14,8,73,4,83,2,25,37,14,0
44,93,9,56,1,4,48,97,42,7,11,54,48,1
75,41,7,0,16,4,84,21,82,5,9,28,31,0
33,89,7,72,22,24,48,19,90,3,6,30,27,0
50,21,3,59,5,7,41,46,99,6,58,86,56,0
58,85,6,68,20,1,39,76,58,6,100,88,9,0
26,51,9,58,27,6,70,33,29,1,29,93,23,0
64,35,0,45,12,16,45,43,10,3,73,57,54,0
53,95,5,33,28,25,21,5,79,5,97,89,53,0
79,20,5,100,28,26,81,55,25,7,87,94,10,0
23,91,5,96,7,10,20,28,93,4,79,100,47,0
49,67,1,24,10,14,50,96,1,8,11,78,58,0
63,69,7,41,14,24,13,52,33,3,23,85,23,0
71,32,4,28,12,2,73,0,40,6,26,60,10,1
80,34,4,24,17,12,96,58,85,6,1,43,2,1
46,72,1,53,17,17,8,47,30,9,94,69,37,0
19,63,3,72,24,19,17,6,62,4,81,24,40,0
65,27,8,66,16,19,12,85,54,7,47,40,38,0
45,93,8,14,21,2,16,31,60,10,41,25,38,1
74,65,5,3,12,1,86,77,84,1,23,23,1,1
60,88,10,37,28,4,24,60,35,1,100,28,48,0
19,38,8,19,2,19,53,56,39,2,5,88,18,1
41,57,3,22,30,4,15,50,22,4,99,87,35,1
42,30,10,36,28,12,23,87,25,6,50,28,7,0
61,62,0,61,20,27,94,18,17,4,9,37,44,0
79,39,1,7,23,27,74,26,78,6,4,78,42,1
66,39,0,36,6,7,22,62,33,2,71,62,22,0
65,40,7,44,28,26,40,59,85,9,65,99,53,1
21,76,8,96,11,15,85,60,27,3,80,85,25,0
74,69,9,32,3,30,32,60,48,7,57,48,42,0
30,93,5,6,23,17,41,86,63,1,25,67,23,1
45,45,1,21,26,24,47,44,70,8,58,70,9,1
57,49,5,4,26,25,17,20,62,4,6,61,27,1
52,92,8,14,25,15,62,43,61,5,14,55,11,1
57,50,2,20,10,0,77,92,41,7,63,95,51,0
50,61,8,88,13,7,91,0,23,3,75,64,27,0
21,87,1,16,17,27,10,94,34,9,65,54,40,1
33,80,10,55,6,20,23,90,76,9,52,25,28,0
44,80,4,49,4,1,60,43,54,8,65,56,57,0
74,89,10,6,15,23,63,99,48,1,100,55,18,0
62,97,1,49,10,4,35,61,76,2,8,35,36,0
32,87,6,59,21,25,82,60,94,2,96,91,34,1
37,36,10,82,2,14,76,90,58,3,97,41,13,0
52,38,9,6,15,13,96,78,82,2,8,88,55,1
64,70,8,39,10,25,52,88,92,1,14,88,46,1
28,89,6,44,9,28,82,78,21,5,24,82,52,1
49,82,4,58,22,29,46,82,84,6,64,94,30,1
68,94,3,87,22,2,51,49,60,7,93,38,28,0
66,99,3,74,1,6,95,74,79,10,25,100,22,1
18,49,9,54,15,3,78,40,29,7,6,37,24,1
57,44,7,63,16,10,56,32,68,2,1,92,47,0
47,94,9,64,9,26,74,86,59,7,87,36,30,1
66,90,9,53,17,25,22,11,5,2,33,60,45,1
61,45,9,95,11,11,58,1,84,2,14,52,38,0
36,75,9,39,7,14,68,20,10,6,63,74,20,0
59,41,9,52,26,5,55,13,23,6,56,43,6,0
26,38,0,43,25,25,85,33,91,8,62,96,33,1
16,50,4,62,2,23,41,78,78,5,28,59,47,0
78,45,1,1,26,0,17,84,50,5,29,47,38,0
39,61,10,78,19,17,70,63,18,10,23,86,59,1
28,60,8,20,23,13,32,22,49,1,44,94,15,1
26,42,6,87,2,28,2,84,80,4,38,58,15,0
66,66,9,49,5,23,27,49,2,1,49,40,32,0
32,32,7,80,1,30,0,13,2,10,43,56,14,0
39,85,5,51,2,6,62,84,91,5,10,21,42,0
34,85,8,8,16,9,46,75,30,8,27,25,59,1
52,35,5,98,8,8,36,45,46,1,8,71,8,0
23,92,6,19,3,1,85,4,7,3,68,24,36,0
43,47,6,82,21,7,47,65,16,1,85,66,57,0
20,96,8,17,30,21,18,21,98,6,85,62,22,1
32,54,10,83,22,30,13,69,99,10,30,59,38,0
51,60,7,29,1,0,66,1,90,1,13,30,20,1
34,96,0,64,23,19,82,28,44,10,58,100,24,1
79,50,3,23,27,29,96,60,96,3,3,33,21,1
26,51,6,87,8,30,84,99,59,5,84,21,28,1
69,73,10,46,13,1,64,70,74,5,100,58,49,1
60,91,7,82,25,6,25,15,20,2,5,82,23,0
62,78,6,93,10,24,9,63,69,3,22,82,24,1
27,60,2,89,1,15,98,96,20,9,58,37,54,0
36,85,3,43,20,21,76,96,57,1,66,98,39,1
26,73,6,28,1,3,69,13,54,1,89,20,44,0
20,59,7,76,26,20,42,42,27,2,40,36,23,0
71,47,6,67,4,26,69,75,80,8,88,73,4,0
35,56,5,16,6,16,98,42,81,6,5,58,46,1
56,84,8,96,21,28,79,69,74,4,16,67,4,1
61,93,8,4,3,3,71,54,45,7,15,85,30,1
27,74,10,91,13,28,58,75,43,6,77,34,48,0
32,23,6,87,1,25,2,30,88,9,75,41,28,0
34,29,7,80,22,2,4,75,93,6,80,39,31,0
41,66,5,49,11,8,84,73,24,2,18,62,33,0
63,94,0,39,9,21,94,39,70,3,89,75,50,1
67,33,0,45,24,14,77,26,48,9,47,43,19,0
70,57,5,50,0,19,100,51,100,7,4,62,53,1
48,31,1,10,18,2,82,6,45,6,53,40,10,0
77,64,7,11,22,11,36,45,90,5,58,67,25,0
38,36,0,12,15,14,83,99,89,3,85,85,37,0
30,99,1,63,14,28,51,32,62,4,75,35,13,1
42,54,7,7,13,19,65,90,76,1,58,59,6,1
79,85,5,64,8,7,62,7,87,5,59,40,30,0
66,94,9,8,28,11,6,4,11,7,34,71,23,0
68,60,1,91,20,20,96,60,77,2,30,27,36,0
66,86,1,1,22,12,52,71,56,8,54,97,16,1
62,48,10,77,14,14,5,59,72,10,68,74,8,0
19,37,6,12,25,10,6,84,63,6,78,77,16,1
22,39,4,1,6,16,43,23,30,10,75,24,11,0
50,33,4,67,3,20,17,6,3,3,68,61,54,0
63,53,7,75,20,23,53,60,53,2,26,49,59,0
60,68,6,47,17,26,28,82,82,8,3,28,1,1
34,73,8,73,7,30,82,94,64,4,57,60,22,1
78,50,3,2,11,11,24,35,92,7,37,70,18,0
53,77,9,67,14,19,62,26,5,7,38,76,36,1
74,61,3,5,14,29,67,28,64,10,41,92,11,1
28,77,1,86,16,17,12,86,88,9,4,80,20,1
62,49,2,4,1,28,31,19,90,10,26,25,10,0
76,44,0,2,11,30,26,69,21,8,39,45,48,1
46,82,0,9,2,15,50,75,16,8,42,93,10,0
37,38,6,42,6,2,33,75,58,7,11,25,37,0
58,91,4,18,5,29,27,2,28,10,11,72,58,1
69,27,2,13,13,26,72,38,66,5,54,80,60,0
25,22,6,20,22,8,71,98,16,9,38,52,50,0
57,86,1,42,26,29,84,82,1,7,20,64,22,1
79,100,2,27,4,6,29,44,31,3,26,59,11,1
36,36,0,20,29,18,92,67,21,6,76,43,35,1
56,33,7,35,3,4,8,30,96,3,93,64,9,0
39,28,1,23,30,18,12,37,57,6,14,57,15,1
50,81,6,53,14,9,81,96,52,8,50,48,54,1
71,40,10,37,6,19,63,5,85,9,25,98,51,1
45,95,8,16,2,11,37,7,46,2,55,27,19,0
72,56,5,21,12,7,21,27,3,6,51,83,37,0
62,30,1,82,9,29,30,14,37,3,90,92,6,0
50,39,1,44,22,2,98,94,12,7,10,70,36,1
34,54,8,73,1,18,41,7,60,4,14,94,44,0
23,72,9,60,11,26,61,53,86,5,5,25,5,1
41,66,7,10,27,10,63,5,63,10,57,66,3,0
45,94,8,60,23,7,73,28,76,6,22,68,10,1
22,71,3,37,27,25,8,33,83,8,75,95,13,1
80,27,3,65,21,12,94,6,32,2,29,51,4,0
51,23,1,32,11,25,43,39,97,4,7,73,56,0
40,46,9,42,30,22,62,73,37,4,18,55,40,1
52,63,0,30,18,22,39,12,28,6,31,38,33,0
16,59,9,34,18,9,87,61,60,4,43,56,52,1
30,66,3,36,20,17,40,85,31,5,84,36,34,1
52,63,9,46,2,11,71,84,10,5,35,99,36,1
28,67,9,99,5,6,49,64,17,8,71,35,53,0
23,71,10,22,1,25,19,40,44,4,94,77,33,0
20,87,7,35,23,10,80,41,20,6,4,63,60,1
75,30,1,39,12,9,91,65,11,7,51,87,21,1
16,96,10,89,26,2,69,92,19,8,94,68,39,0
51,92,7,88,27,29,41,10,6,9,30,70,5,0
50,23,0,80,26,6,32,100,90,10,94,24,55,0
78,95,0,14,8,28,91,49,70,8,53,77,45,1
38,92,3,36,12,3,62,70,1,4,82,65,57,1
24,96,6,3,30,28,56,34,42,4,74,74,13,1
49,67,8,21,22,7,64,93,96,10,14,92,40,1
61,45,4,80,13,7,51,79,20,5,36,36,17,0
19,96,1,21,18,5,98,78,28,3,87,31,10,1
45,58,6,80,10,12,87,19,31,2,12,43,10,0
18,77,10,77,13,11,5,27,44,2,76,75,2,0
29,38,1,77,15,2,6,36,75,9,34,74,38,0
75,96,8,16,9,5,8,2,76,8,26,95,21,0
60,96,8,71,19,21,100,92,58,6,6,98,1,1
49,77,2,97,15,18,60,58,2,9,53,35,30,0
60,47,7,89,27,10,79,100,38,5,15,41,18,1
76,85,10,93,25,3,33,72,50,10,19,63,35,1
31,29,3,85,1,14,34,26,7,1,47,62,58,0
55,96,2,79,24,1,98,31,45,8,87,98,53,1
32,77,0,93,15,14,19,47,65,3,100,40,39,0
49,92,4,79,13,16,57,45,5,9,77,27,48,1
31,33,10,37,20,1,86,94,57,1,95,68,22,1
75,34,3,23,27,6,59,46,40,3,61,25,3,0
28,52,0,99,17,25,53,89,78,1,90,100,6,0
71,36,9,98,25,15,34,39,53,1,52,66,36,0
46,43,7,5,5,4,46,2,75,6,18,55,16,1
49,49,7,67,6,15,45,74,40,4,60,42,3,0
54,81,7,81,12,24,86,28,47,10,47,50,36,0
23,32,2,5,1,18,3,90,95,4,57,94,11,1
70,81,5,25,14,1,9,57,69,5,33,81,56,1
42,66,6,100,16,14,74,49,26,3,32,100,17,1
68,35,8,90,12,3,39,9,46,2,4,76,19,0
54,85,4,40,6,1,54,60,76,10,41,89,58,1
80,100,8,74,0,26,72,98,22,8,19,84,60,1
32,62,5,37,2,22,39,60,73,7,7,56,8,1
45,27,9,79,19,9,75,22,13,10,99,87,60,0
68,22,9,82,17,21,80,5,60,4,26,94,14,0
28,31,9,42,6,23,95,74,66,2,87,36,26,1
36,35,3,52,20,28,22,59,75,9,98,26,48,1
34,97,0,14,16,4,14,26,24,8,51,71,25,1
68,99,0,89,27,17,91,54,64,4,56,54,51,1
34,78,9,55,11,28,4,30,95,5,71,21,48,0
72,68,4,55,15,3,39,29,23,10,75,59,57,0
40,82,2,30,23,0,17,66,52,6,51,56,10,1
46,81,4,82,9,17,20,12,72,4,8,76,32,0
70,68,4,56,22,19,78,58,49,2,13,29,15,0
38,70,0,50,15,5,2,53,0,5,32,95,59,0
47,52,7,23,19,19,45,20,38,1,34,100,58,1
77,49,4,57,17,19,89,42,73,7,18,65,4,1
25,78,4,72,14,13,78,10,43,9,79,24,28,0
69,95,8,86,22,26,52,66,93,3,55,24,4,0
67,34,7,3,10,25,19,37,4,6,43,46,13,0
35,42,0,9,17,9,58,94,67,9,24,24,12,1
47,97,2,62,5,17,20,23,71,4,21,80,15,1
29,64,6,72,0,8,89,50,79,6,18,27,29,0
65,81,0,82,29,11,86,75,64,3,14,50,23,1
43,98,0,14,22,9,50,60,78,9,53,40,13,1
68,90,4,97,6,23,24,45,87,7,19,40,38,1
39,34,8,62,11,23,67,42,14,7,77,70,58,0
37,65,5,18,19,20,9,26,49,4,57,98,46,1
45,83,9,62,3,18,85,84,5,6,64,78,35,0
78,65,1,55,30,5,66,88,65,8,80,21,40,1
19,75,10,20,9,13,82,29,68,6,2,49,12,1
74,63,8,33,20,24,94,93,38,6,57,77,30,1
23,94,5,16,1,7,8,62,97,4,34,100,46,1
27,48,4,17,8,22,28,9,95,8,49,39,5,1
46,81,4,80,9,13,36,2,28,10,90,59,2,0
49,71,2,65,19,10,70,76,92,8,54,48,42,1
64,73,5,50,10,30,37,59,87,9,22,24,30,1
72,76,3,64,24,23,87,26,45,6,84,29,35,1
41,85,9,42,13,15,71,81,30,2,93,80,55,0
33,41,1,56,2,19,97,44,23,4,82,20,10,0
53,39,2,9,24,5,58,61,14,4,93,66,9,1
65,52,8,36,0,14,56,23,75,8,44,76,17,0
23,91,10,47,6,14,89,45,19,5,91,33,60,0
56,44,10,68,3,13,59,77,3,4,35,44,38,0
21,65,8,55,6,20,27,43,57,8,29,40,59,1
59,92,5,75,15,11,27,62,76,3,6,35,30,0
79,76,9,35,29,1,45,3,60,2,37,93,41,0
44,24,9,30,9,7,70,15,9,4,89,51,55,0
43,74,8,54,14,18,66,50,40,1,85,64,35,0
26,80,3,37,15,13,85,73,52,1,58,83,7,1
80,27,10,72,5,4,54,100,86,5,64,92,12,0
34,35,4,89,3,23,37,90,70,1,31,79,50,0
24,67,9,14,3,26,17,47,75,4,50,38,42,0
42,80,5,15,23,30,75,64,47,8,80,66,34,0
49,34,8,76,22,8,94,68,14,8,60,83,49,0
59,84,4,88,3,12,62,76,6,2,14,49,3,1
30,41,7,93,26,30,4,44,71,3,70,66,33,0
66,22,10,52,21,8,43,2,70,3,11,52,40,0
28,73,0,55,21,13,28,16,42,1,27,40,13,0
64,33,4,6,16,4,99,82,3,3,69,82,11,1
71,55,9,56,12,1,13,36,50,8,79,61,40,1
66,86,0,54,1,6,57,4,70,6,38,80,20,0
52,29,9,51,19,15,43,46,58,5,62,62,31,0
32,68,5,3,5,10,17,43,40,10,53,87,33,1
73,84,6,42,21,10,6,87,60,9,80,45,34,1
44,76,4,39,0,22,86,32,29,7,18,52,50,1
48,46,0,29,7,30,96,20,17,6,97,52,50,0
75,94,5,9,17,11,61,66,29,5,99,68,9,1
70,24,9,93,28,12,44,67,6,5,52,60,7,0
25,90,4,6,20,7,15,31,51,10,24,91,9,1
62,76,5,35,3,23,63,23,47,9,99,55,42,0
38,34,10,34,4,15,36,34,22,10,7,91,26,0
36,95,9,87,4,20,24,17,36,6,14,41,2,0
28,49,6,38,14,30,8,66,70,4,50,66,5,0
48,39,6,35,9,0,54,53,92,4,94,39,49,0
39,56,1,19,7,12,27,25,97,4,24,43,2,0
26,22,2,48,25,10,8,59,52,6,79,62,52,0
32,92,5,95,6,28,11,87,44,1,13,92,10,1
62,60,2,58,11,3,17,64,48,9,19,35,31,0
40,58,1,48,29,3,90,50,48,2,29,46,33,1
36,45,3,89,24,14,89,97,81,2,22,64,44,1
27,21,4,25,27,26,55,59,46,5,2,56,56,1
52,42,10,35,10,2,89,58,24,4,77,32,47,0
57,42,9,42,12,23,73,75,90,3,36,70,6,1
32,35,8,98,14,18,57,16,26,5,38,21,14,0
63,28,2,42,16,28,80,84,11,7,18,95,14,1
43,32,2,98,21,20,50,20,22,10,51,78,15,0
56,47,5,75,21,1,31,66,16,2,15,33,33,0
62,46,4,32,17,5,87,27,43,6,99,68,57,0
33,70,5,99,26,30,47,88,70,4,52,49,31,1
28,83,6,77,7,21,7,43,23,2,17,28,17,0
28,71,10,96,5,23,29,69,70,1,77,98,43,1
46,100,2,44,10,7,25,61,92,8,22,43,15,1
17,57,4,44,28,16,23,41,59,5,54,60,20,0
31,84,7,87,25,4,26,93,52,10,52,79,48,0
24,37,3,14,8,1,78,95,91,2,85,51,21,0
53,82,9,94,25,25,91,21,86,8,90,66,29,1
69,70,1,16,4,11,74,37,73,3,46,40,59,1
71,28,3,11,6,4,38,13,15,7,4,61,9,0
60,32,1,21,21,9,65,97,97,2,7,89,29,1
49,59,2,22,26,27,50,25,24,7,10,21,44,0
24,74,3,89,14,8,72,39,65,4,15,50,34,1
23,98,3,77,20,19,49,53,49,10,26,75,47,0
22,62,9,11,21,7,44,12,68,1,80,49,60,0
51,63,8,67,3,0,86,93,77,5,40,82,9,1
33,87,9,50,18,23,32,18,94,4,98,34,60,1
18,52,5,12,12,5,18,41,39,8,61,37,48,0
43,43,8,56,0,23,12,40,5,1,81,51,30,0
59,55,3,54,0,21,77,49,63,2,16,33,17,1
36,29,8,81,21,10,95,2,27,5,98,81,52,0
43,39,10,27,13,2,21,30,8,10,93,71,59,0
69,94,8,43,8,30,19,75,5,10,18,41,55,1
69,31,5,18,23,27,96,14,16,2,75,33,4,0
80,81,4,45,11,14,4,53,39,1,76,97,40,1
36,37,2,2,17,10,83,52,98,6,2,53,32,0
28,82,4,82,8,23,77,44,75,10,54,99,32,0
72,44,2,19,7,4,90,37,44,4,18,75,7,0
64,31,4,24,29,27,89,77,81,5,54,72,38,1
69,40,4,74,13,25,31,98,42,3,38,68,32,0
25,44,1,55,27,15,29,79,97,10,97,82,5,1
68,30,8,80,8,20,90,49,45,6,73,35,42,0
59,83,6,60,19,30,25,23,62,4,15,99,3,0
62,92,5,54,24,27,81,16,0,6,64,59,56,1
68,69,4,34,1,6,86,17,58,5,92,57,20,0
61,81,3,77,28,5,87,41,62,2,8,37,56,1
28,68,7,58,0,8,3,16,78,4,46,42,17,0
52,33,1,38,12,6,66,15,17,2,100,67,16,0
39,20,7,56,24,2,42,84,85,5,39,65,11,1
17,100,0,82,9,10,29,87,81,3,52,41,13,1
29,44,9,66,7,26,15,97,64,6,8,73,18,1
25,78,0,33,6,11,70,51,19,5,50,59,14,1
50,91,2,40,29,20,38,35,55,2,50,49,34,0
40,88,4,21,28,24,85,90,53,10,83,74,12,0
18,24,5,26,23,10,40,38,47,8,68,75,22,1
32,38,3,20,11,28,30,80,99,6,27,61,21,1
27,42,6,40,16,30,48,24,53,9,77,61,26,0
69,28,6,30,29,25,12,41,88,3,38,81,42,0
39,69,1,26,24,29,40,20,15,4,21,72,39,0
44,35,1,36,11,1,92,67,19,8,90,72,2,0
58,52,1,65,15,0,27,88,46,7,45,83,57,0
40,21,1,53,9,26,63,58,96,8,58,20,50,0
75,33,8,8,26,23,18,29,6,9,23,98,49,0
80,20,4,82,24,23,86,56,22,8,54,88,16,0
43,77,10,41,30,1,71,32,74,8,30,46,34,1
31,35,7,35,11,13,24,89,32,6,95,36,11,1
62,98,4,9,10,12,37,88,39,2,95,82,19,0
73,66,10,58,24,23,98,52,4,7,16,60,30,1
42,63,4,39,28,4,89,15,44,4,52,77,54,0
68,99,0,53,13,1,2,48,40,3,41,76,7,0
57,33,5,38,21,22,1,87,7,4,71,57,27,0
74,43,3,6,19,22,4,4,80,4,81,85,22,0
62,74,2,3,12,18,60,76,81,3,24,64,17,1
49,34,5,14,1,29,19,93,49,9,20,42,15,1
52,91,1,75,26,16,75,59,90,3,27,39,9,1
21,53,7,47,19,10,37,70,30,2,2,55,12,1
22,21,0,5,6,15,79,80,3,1,60,61,8,0
40,46,8,72,0,19,100,54,65,1,51,41,60,1
48,93,7,34,29,17,35,90,55,5,1,79,2,1
70,91,0,71,24,19,45,34,4,5,98,30,49,1
73,42,9,70,2,7,92,68,80,9,91,47,48,0
22,87,8,67,28,1,98,41,53,4,6,64,55,1
72,33,1,57,28,16,36,68,95,5,38,41,16,1
27,82,2,76,19,10,53,23,92,6,54,100,3,0
31,84,1,18,11,13,20,70,79,10,60,82,51,0
58,87,7,61,4,15,20,70,0,7,27,50,48,1
22,82,1,70,11,14,91,54,75,9,80,30,31,1
66,100,9,9,28,14,69,13,82,6,62,55,43,0
47,83,1,24,2,2,83,54,72,1,63,97,26,0
23,51,0,43,19,25,59,14,60,8,99,54,41,0
60,98,6,98,4,6,35,4,6,2,91,42,46,0
74,32,1,57,27,28,76,100,29,9,35,48,2,0
19,85,9,24,0,11,10,3,14,7,58,42,30,0
44,38,4,92,15,21,87,29,3,7,61,35,13,0
44,43,4,75,29,21,82,83,62,10,36,38,37,0
43,30,2,39,8,22,86,52,69,10,92,82,52,1
59,78,2,75,9,23,30,89,37,5,56,69,14,1
19,34,2,69,28,2,100,72,46,8,67,92,1,0
24,29,5,9,9,18,36,29,59,10,57,62,32,0
20,60,3,65,12,9,59,85,98,1,41,38,6,1
71,46,2,24,15,28,60,93,1,3,31,37,22,1
65,79,1,70,29,7,66,83,68,9,3,25,11,1
30,92,2,86,19,15,97,91,7,1,38,54,49,1
47,71,3,10,28,15,28,60,50,8,53,33,23,0
43,47,5,35,24,11,66,70,93,6,52,83,54,1
37,84,3,48,3,28,78,67,18,10,24,28,14,1
32,36,7,47,13,29,70,91,93,5,26,54,14,1
74,63,2,86,16,28,66,54,30,6,92,21,20,1
72,29,2,6,27,22,15,98,79,5,73,25,7,1
41,82,2,90,4,25,44,96,21,9,37,44,19,0
40,66,7,76,12,4,33,70,32,2,91,92,26,1
25,57,3,50,24,19,83,72,85,10,48,69,59,0
60,89,0,16,2,5,43,97,71,6,67,26,22,0
26,95,1,31,4,24,96,41,36,4,41,82,6,1
68,72,9,25,15,5,77,97,11,3,49,47,13,1
43,97,1,21,18,7,41,76,68,5,28,21,10,0
80,63,2,12,27,16,34,28,63,2,32,84,54,1
64,93,5,11,18,11,74,34,24,3,99,78,19,1
62,73,7,70,16,29,83,44,53,7,71,43,31,1
67,39,0,0,17,21,29,73,28,1,71,81,10,0
69,98,8,32,17,29,52,93,12,2,85,90,37,1
75,50,0,13,24,13,57,89,25,3,32,57,13,1
72,26,9,63,22,1,27,98,21,10,38,81,17,0
62,77,1,42,7,18,14,91,92,7,20,84,54,1
46,29,2,57,17,5,37,28,75,4,8,70,55,0
61,29,6,40,8,17,49,69,91,8,68,71,5,0
41,58,8,80,28,3,12,2,72,8,26,93,21,0
20,47,2,67,18,21,34,92,9,1,79,82,54,0
67,49,7,38,9,4,23,56,47,5,70,30,39,0
69,56,8,0,28,5,64,65,41,1,48,67,20,0
48,86,9,40,1,14,87,21,89,7,96,73,7,0
65,62,6,44,27,5,90,26,99,4,69,69,15,1
53,98,3,87,16,7,17,21,58,8,46,93,15,0
42,71,3,97,24,8,57,73,52,8,58,57,53,0
30,75,3,97,23,20,25,48,39,9,70,27,23,0
76,95,5,87,12,21,28,82,74,6,67,25,33,1
36,87,3,78,30,5,71,23,61,7,29,87,58,1
61,28,4,80,27,21,43,26,5,7,83,88,44,0
21,42,8,12,10,1,89,35,3,5,10,25,2,0
53,82,6,70,15,15,4,16,90,7,71,51,50,1
77,80,7,8,19,19,32,55,54,9,65,57,32,0
77,59,4,62,6,0,4,9,87,4,65,76,15,0
61,63,4,98,27,29,35,53,68,2,17,83,7,0
28,43,10,22,29,27,76,80,2,8,22,73,9,1
18,70,6,53,2,15,80,73,6,7,100,33,55,1
21,77,10,46,15,0,12,73,87,6,14,83,28,1
23,52,7,38,18,0,24,37,85,7,6,69,22,0
59,35,8,86,19,6,57,80,11,3,30,66,3,1
48,41,1,25,15,15,1,89,98,6,47,73,53,1
65,76,2,0,1,16,87,89,16,10,97,38,42,1
26,81,1,13,13,15,35,97,66,7,20,94,2,1
43,90,9,95,25,15,24,3,74,7,16,58,57,1
56,91,6,73,19,5,33,49,69,5,68,84,22,0
31,89,1,64,9,17,11,90,35,3,34,79,25,0
63,49,1,68,18,21,18,60,16,2,1,52,25,0
71,42,1,66,23,21,93,20,85,7,77,51,32,1
79,51,3,48,10,27,36,35,0,4,48,55,44,0
74,76,0,49,17,26,0,45,66,2,8,43,7,0
77,28,1,57,10,2,59,94,79,8,22,62,31,0
26,50,2,52,8,30,66,70,98,2,68,90,37,1
33,90,6,90,18,7,48,43,77,6,34,90,4,1
34,28,9,56,19,26,89,63,48,4,60,65,33,0
70,32,0,85,28,3,78,97,50,9,45,66,15,0
41,77,5,17,9,28,45,17,70,5,37,88,9,1
21,22,2,15,29,22,47,87,89,4,23,33,6,0
19,54,2,1,30,3,91,12,42,8,84,64,46,1
44,40,3,12,25,16,67,12,30,3,24,71,31,0
74,83,3,44,30,21,18,24,23,9,91,69,34,0
32,71,6,79,30,4,87,4,82,8,13,84,44,0
58,53,2,71,2,24,39,38,36,8,69,96,55,0
49,54,7,42,2,30,5,28,64,10,80,83,60,1
23,34,7,71,23,13,79,56,88,5,60,42,38,0
28,25,10,53,7,29,95,45,62,1,38,90,13,1
23,51,6,73,28,14,93,32,55,10,48,89,36,0
80,71,1,96,28,24,62,87,73,9,93,78,32,0
58,47,4,30,5,11,34,9,17,2,26,92,22,0
54,83,5,75,19,26,71,57,64,1,86,93,48,1
74,98,9,8,0,12,60,24,28,6,88,73,29,1
59,97,3,100,19,23,4,73,76,1,77,90,11,0
24,38,9,72,23,30,36,38,3,10,85,45,6,0
52,34,4,47,5,22,75,15,11,10,1,63,5,0
51,25,8,17,1,29,88,59,55,10,4,95,1,0
43,92,10,93,18,17,96,27,47,7,67,32,51,0
57,57,6,95,27,13,87,75,18,7,87,73,39,0
58,45,1,86,6,23,10,43,25,1,80,59,50,0
57,70,10,10,10,18,98,57,37,10,13,23,10,1
70,92,0,61,10,21,39,31,79,5,39,72,10,0
63,72,1,83,3,25,64,62,24,3,31,20,49,1
37,75,2,18,19,6,7,92,55,2,24,25,24,1
42,78,10,99,30,27,86,44,73,5,79,74,7,1
28,89,1,89,15,5,83,52,100,5,5,85,22,1
60,97,10,73,30,4,95,60,27,2,49,37,58,1
25,77,2,23,4,3,10,49,60,6,86,48,21,0
24,32,9,12,23,17,70,26,91,7,86,72,22,0
69,62,10,45,29,24,57,25,88,1,11,52,33,1
42,95,10,52,29,13,93,2,88,3,24,22,44,1
49,70,8,97,6,15,47,89,50,4,45,39,25,1
16,38,3,28,24,22,12,38,11,2,74,23,31,0
47,40,8,35,15,22,59,64,7,10,34,27,49,0
35,43,10,70,14,19,48,34,99,5,11,47,16,0
50,45,2,93,4,13,66,52,57,4,57,85,52,0
32,64,0,16,0,4,6,90,87,2,29,92,15,1
33,47,10,47,19,21,76,45,22,1,22,45,29,1
60,48,4,76,21,27,100,67,36,8,33,53,19,1
68,36,9,23,21,10,24,82,10,2,72,90,52,0
80,87,9,53,8,11,22,21,16,4,49,68,17,0
16,63,1,94,25,17,50,59,91,10,96,68,26,0
73,80,3,90,28,3,46,5,55,5,23,92,36,1
41,87,1,84,20,30,96,51,52,2,69,46,36,1
35,93,1,0,4,12,4,72,66,10,95,84,35,1
25,44,2,78,21,19,95,74,1,9,29,52,40,0
74,86,4,66,26,27,93,85,28,2,6,91,23,1
56,21,3,5,5,12,94,72,56,6,52,68,9,0
20,68,1,77,2,3,12,28,33,7,89,82,34,0
80,89,10,54,5,22,41,42,77,6,89,51,58,0
32,45,9,37,7,28,4,73,96,4,95,38,51,0
37,91,1,32,27,22,22,33,81,1,14,69,54,1
56,46,5,7,5,6,61,30,92,2,17,41,18,0
26,37,6,89,15,22,0,85,1,10,80,86,16,0
71,73,9,78,27,1,73,45,74,10,28,28,32,1
66,20,5,77,15,20,90,3,30,6,9,54,28,0
36,80,6,19,26,25,53,1,76,8,66,90,60,0
41,22,0,54,20,17,71,4,43,3,4,98,32,0
34,87,5,47,2,20,2,45,89,7,20,23,50,0
75,60,10,82,16,27,82,78,55,9,41,56,58,0
62,56,2,55,20,5,63,18,97,4,36,47,18,1
41,70,0,96,5,15,50,37,53,7,6,28,44,1
55,34,7,99,29,2,1,58,52,7,65,54,34,0
20,27,3,87,5,21,48,78,73,10,50,44,29,0
36,57,9,9,29,14,30,71,75,9,64,28,21,0
19,75,7,51,21,20,73,19,85,3,3,80,60,1
38,66,9,49,18,19,79,75,45,1,37,71,1,1
30,29,10,33,30,9,100,67,53,8,3,36,55,0
23,97,3,35,19,8,83,52,30,4,33,95,16,1
56,68,3,60,14,10,2,54,82,2,59,28,49,0
34,60,9,99,18,13,34,38,23,5,15,73,33,0
61,49,3,15,1,23,97,35,24,4,56,24,21,1
43,24,5,78,7,11,84,57,34,1,61,82,55,0
30,90,8,17,6,6,35,14,56,7,68,66,35,1
52,50,4,70,26,10,63,0,71,4,79,38,55,0
16,71,9,46,7,30,31,94,68,8,71,85,57,1
39,42,7,85,12,16,17,8,85,9,68,64,27,0
42,67,7,31,21,24,33,22,27,8,62,90,20,1
55,59,3,42,26,8,55,51,75,1,67,92,31,0
78,25,10,82,14,21,66,25,32,8,23,52,16,0
76,57,9,39,11,22,52,59,52,5,14,99,53,1
51,60,8,64,14,12,66,17,15,1,6,62,14,0
39,46,8,34,13,15,90,96,25,9,33,91,48,0
39,94,4,68,6,2,65,77,11,9,9,45,32,0
19,88,5,49,16,4,63,57,86,7,12,64,56,1
49,76,4,11,25,22,66,64,89,7,99,54,41,1
72,36,2,75,4,16,80,76,76,1,95,100,32,0
64,90,10,84,19,27,38,78,86,9,51,72,53,1
68,66,7,57,9,0,37,100,30,1,3,29,60,0
38,98,8,82,18,20,39,68,99,7,56,60,53,1
68,32,3,62,17,8,18,13,26,9,46,36,2,0
77,30,8,72,29,22,82,77,35,9,36,90,57,0
56,43,8,48,29,16,4,45,58,5,13,85,45,0
72,92,6,35,24,28,68,68,86,6,13,30,22,1
75,23,7,53,23,12,13,74,2,2,58,82,37,0
69,65,2,46,9,14,90,31,93,2,98,86,53,1
72,37,4,31,30,27,48,50,31,10,85,65,52,0
25,62,2,98,1,20,63,68,14,9,34,39,17,0
55,99,6,94,5,30,99,99,74,1,43,32,32,1
22,52,5,52,2,7,56,14,65,10,28,36,38,0
53,29,10,31,18,7,34,52,89,5,56,51,17,0
76,92,2,61,4,27,84,70,62,7,47,35,58,0
18,78,8,36,6,1,4,68,97,10,35,42,34,0
66,50,0,95,6,22,87,93,0,6,78,30,7,0
62,47,9,100,26,9,38,14,74,6,82,33,29,0
53,79,2,37,9,4,23,29,4,6,19,86,17,1
51,22,10,29,0,15,39,77,89,8,83,90,24,1
56,74,9,57,10,24,49,23,5,7,97,64,8,1
28,33,10,31,22,18,76,87,98,5,51,94,23,1
73,77,6,65,6,0,57,34,4,10,99,52,55,0
65,34,2,50,5,12,0,68,72,2,20,64,33,0
45,21,2,10,5,3,42,11,27,10,29,73,29,0
77,43,1,58,12,6,38,83,82,6,72,70,19,0
40,97,8,19,15,0,9,45,68,10,89,42,57,0
42,83,10,36,12,1,1,68,86,5,81,48,5,1
66,90,3,72,1,15,62,35,43,4,65,25,37,0
72,43,9,48,18,13,15,84,15,10,38,58,23,0
62,46,5,18,18,4,36,47,70,5,49,24,59,0
54,56,1,54,28,24,15,66,77,9,94,59,26,0
31,58,8,39,18,13,86,92,21,2,28,97,24,1
37,82,6,6,17,16,89,53,72,6,33,40,54,1
69,98,9,4,24,11,79,88,22,9,13,78,21,1
36,45,4,41,5,19,26,90,42,10,88,39,33,1
31,84,6,87,1,11,62,35,67,5,44,43,26,0
74,23,3,47,18,29,93,51,42,6,86,22,10,1
46,48,9,6,25,2,63,21,25,10,52,91,42,1
57,20,6,10,5,29,96,37,40,4,77,76,29,0
47,69,1,72,19,20,31,98,69,5,76,90,57,1
74,30,6,48,22,20,8,61,30,8,41,89,54,1
49,93,3,29,21,25,10,64,16,1,49,89,35,1
24,78,3,40,14,1,100,2,8,1,7,95,28,0
26,81,0,2,5,20,69,87,90,10,36,82,12,1
25,100,2,85,27,24,29,7,54,4,93,66,58,0
32,55,4,39,2,20,14,38,5,10,93,38,44,0
63,75,4,50,10,14,58,17,69,3,26,32,7,1
67,40,1,83,7,10,47,2,63,5,27,64,16,0
40,32,3,31,24,9,93,17,3,10,24,51,20,1
36,28,0,47,21,17,81,79,66,8,95,49,29,0
80,30,8,70,17,22,75,95,87,1,71,61,35,1
78,94,0,70,16,30,59,0,55,5,81,91,28,1
66,89,5,19,18,21,67,25,17,5,33,61,7,0
51,20,6,88,18,22,56,51,31,2,98,26,22,0
30,89,2,34,23,23,63,11,84,5,18,22,14,1
54,96,0,23,20,25,53,37,47,8,5,56,59,1
16,75,6,39,16,20,79,84,28,10,1,22,36,1
38,50,2,76,26,1,86,40,31,7,71,37,10,0
54,56,9,51,3,6,74,52,24,2,98,61,56,0
72,66,5,38,6,6,53,12,75,6,3,28,2,1
49,97,5,67,4,23,58,75,62,10,36,76,22,1
56,66,3,60,25,6,87,12,8,1,35,43,16,0
28,88,10,75,30,25,85,17,70,10,51,26,35,1
21,77,5,80,28,22,38,18,13,10,12,61,47,0
67,55,10,64,15,13,14,18,19,3,15,77,40,0
18,51,9,61,5,28,78,69,83,6,4,75,48,1
78,83,3,80,13,24,73,47,9,9,56,77,11,0
64,90,7,1,25,23,27,70,10,1,97,37,56,1
62,61,8,5,19,30,35,70,38,6,16,58,43,1
70,67,1,74,1,1,53,27,18,2,93,69,43,0
79,93,6,42,24,1,16,91,18,9,6,52,33,1
80,100,8,81,30,22,99,18,42,2,63,47,34,1
30,49,8,39,17,25,85,79,60,3,23,75,52,0
47,40,4,88,17,14,86,80,69,2,77,44,33,0
33,79,0,38,12,10,92,85,71,4,44,33,19,1
58,32,5,27,27,28,21,82,64,4,1,74,20,1
50,20,7,79,17,30,74,47,22,10,57,26,10,0
73,84,0,62,16,9,35,28,100,1,76,23,19,0
48,52,1,63,12,2,28,47,59,8,27,49,53,0
29,57,0,11,27,16,54,18,9,5,25,81,43,1
49,44,4,40,11,8,41,98,62,8,86,76,12,1
76,45,1,28,2,29,31,46,1,6,62,56,10,0
19,96,9,22,21,14,13,88,35,2,98,74,7,1
74,78,9,84,6,29,17,59,56,7,18,84,56,0
44,52,3,79,0,13,37,47,65,10,80,71,40,0
21,60,0,50,29,18,100,19,78,9,93,22,11,1
64,49,6,44,4,16,33,100,19,7,30,96,50,0
55,76,7,89,20,21,44,18,41,5,30,26,16,0
80,68,4,100,0,19,86,41,20,4,84,89,33,1
42,67,1,21,3,29,31,76,93,8,47,89,38,1
21,91,7,9,25,16,66,75,87,6,22,53,17,1
28,68,0,6,0,15,62,48,65,5,42,35,54,1
79,66,6,72,12,19,54,14,37,7,34,27,45,0
77,75,0,88,13,7,42,59,85,3,63,40,55,1
34,84,5,14,14,26,21,67,92,9,4,30,25,1
58,31,5,76,16,6,86,78,77,4,31,69,42,0
35,88,4,45,11,30,67,80,68,4,51,25,31,1
59,25,1,89,30,11,76,26,23,8,50,34,42,0
38,84,1,84,6,0,95,74,25,6,14,30,1,1
17,44,8,86,22,25,28,54,1,1,8,46,39,0
37,20,4,60,18,11,39,86,45,2,69,98,20,0
72,51,4,91,22,24,44,14,33,9,8,64,9,0
22,22,6,60,2,5,9,51,61,6,11,57,43,0
71,68,5,50,17,15,76,30,86,7,29,23,52,0
31,38,1,37,25,17,44,89,40,9,55,97,2,1
66,79,10,11,30,18,16,6,98,3,85,64,1,0
27,48,0,87,3,22,1,12,14,5,39,29,55,0
68,69,4,76,29,2,16,53,54,5,13,73,44,0
20,21,3,65,25,28,89,12,2,10,64,48,39,0
42,92,2,53,2,2,37,19,75,7,49,31,51,0
27,75,1,38,11,4,36,97,37,2,19,75,5,1
32,36,9,75,22,2,62,9,50,4,67,59,58,1
21,79,1,38,27,18,4,51,16,4,98,56,12,0
20,55,3,77,11,26,24,36,90,8,83,85,14,1
72,80,1,29,16,4,72,51,82,10,96,39,60,1
43,36,3,47,5,13,91,26,48,3,100,31,39,0
74,68,2,82,14,20,21,33,20,2,52,57,32,0
48,95,8,30,29,15,92,99,87,9,78,49,40,1
77,79,6,24,1,27,62,61,23,4,71,66,46,1
65,39,10,67,7,24,34,15,82,9,20,93,44,1
34,69,2,50,13,0,54,58,94,6,96,90,9,1
62,22,7,12,4,29,19,20,39,1,54,61,42,0
54,62,8,99,2,16,4,15,19,3,95,24,42,0
48,76,6,62,9,10,38,80,78,7,86,67,33,1
28,69,5,41,6,29,62,78,34,9,5,70,25,1
69,87,3,53,29,8,31,12,47,8,95,31,54,0
22,100,4,100,10,20,62,32,98,5,79,29,38,0
29,69,7,66,30,3,73,53,32,8,62,56,14,0
34,56,2,79,14,1,39,68,55,2,17,85,55,0
69,65,1,89,1,27,16,26,40,3,53,86,9,0
35,61,2,55,4,8,100,51,53,8,37,33,55,0
44,34,6,18,10,21,78,64,43,9,19,66,55,0
39,52,7,45,7,30,72,43,81,10,10,39,27,1
78,99,0,14,12,24,31,29,80,8,44,71,44,0
72,30,6,31,10,4,22,22,71,4,98,87,19,0
23,39,8,48,16,3,74,78,83,6,49,45,58,0
77,43,2,20,14,22,59,99,10,5,89,66,25,0
44,83,2,64,0,4,76,82,93,4,37,98,52,1
32,99,7,69,18,23,81,93,90,9,58,92,32,1
21,84,3,26,15,23,55,15,13,10,92,22,22,0
73,92,7,22,18,28,8,54,41,3,15,21,29,0
43,95,4,46,12,17,68,17,78,1,20,60,55,0
77,36,2,94,22,12,61,89,11,7,55,49,28,1
56,80,3,11,21,30,63,16,83,10,13,56,44,1
56,34,3,84,22,4,21,74,16,8,20,100,57,1
64,70,7,65,3,25,31,51,89,3,43,22,13,0
64,46,5,4,10,23,46,44,77,3,95,28,58,1
18,93,6,8,17,18,1,55,24,6,82,27,28,0
25,80,8,19,17,22,84,92,25,2,41,28,3,1
50,77,5,81,9,2,91,53,46,6,48,36,30,0
17,50,2,62,16,30,51,8,24,5,56,43,11,0
39,31,2,85,29,21,87,16,88,7,92,91,2,0
53,65,10,71,12,17,87,26,59,9,68,33,50,1
37,50,2,97,29,5,13,36,59,9,88,73,50,0
41,51,9,72,24,5,36,21,26,1,44,99,57,0
58,51,1,70,13,23,26,71,42,7,73,37,56,0
70,72,0,29,29,4,23,66,75,3,47,58,57,1
54,80,10,81,6,29,63,37,19,4,50,66,9,0
44,65,9,90,9,0,69,98,62,2,32,46,33,1
35,93,0,15,2,30,25,95,79,1,96,90,58,1
56,99,3,84,1,7,53,71,24,10,54,53,26,1
69,26,2,4,29,27,14,43,26,3,39,38,16,0
35,23,4,28,18,24,28,90,51,10,85,25,25,0
34,71,8,46,6,0,99,95,81,9,58,49,1,1
45,50,7,100,4,20,73,35,9,1,61,31,21,0
68,94,8,21,27,27,27,97,49,3,91,34,20,1
49,55,4,77,2,5,58,24,29,5,100,58,56,0
37,73,7,56,24,19,72,94,0,3,72,83,5,1
21,73,3,82,1,13,20,41,53,4,83,83,60,0
42,36,4,34,22,10,9,12,3,4,93,34,57,0
25,94,2,87,30,1,3,55,86,1,19,77,17,1
63,49,4,59,25,20,61,78,6,6,69,86,40,1
74,41,2,69,21,29,3,50,29,7,22,20,38,0
74,62,4,59,5,29,5,49,89,7,35,26,1,1
17,46,10,57,13,3,89,76,64,6,10,28,13,1
44,56,4,2,6,12,79,51,28,7,15,20,18,0
80,65,5,33,21,6,71,32,24,3,2,24,4,1
41,54,8,44,1,5,91,94,39,5,22,66,47,0
25,23,0,49,10,2,15,24,25,7,99,29,14,0
68,99,9,1,20,8,37,57,16,10,83,21,48,0
74,99,5,14,2,13,48,39,30,5,12,42,5,0
37,45,0,36,8,19,60,86,60,10,98,75,33,1
66,38,5,14,7,30,64,37,7,2,62,38,26,0
63,100,1,59,25,10,82,2,68,6,45,57,55,0
36,64,7,95,10,4,49,15,0,7,58,66,4,0
37,45,10,84,17,13,16,1,78,2,20,95,30,0
45,41,2,63,30,18,27,22,99,10,51,94,17,0
40,77,9,80,0,7,43,97,70,8,7,71,28,1
43,82,5,97,14,26,11,29,45,5,24,68,6,0
80,47,5,95,3,6,69,9,90,8,67,90,57,0
60,84,3,51,3,26,70,64,98,3,70,42,57,1
22,63,4,22,27,26,71,21,90,2,97,69,27,1
64,62,1,98,9,30,2,51,19,7,53,36,36,0
24,56,9,36,10,6,48,55,81,5,34,67,7,0
51,85,9,40,17,23,20,32,39,5,33,21,58,0
16,36,7,100,22,22,7,88,1,8,93,88,1,0
25,59,9,56,28,2,63,85,93,9,23,81,10,1
51,57,6,96,14,2,91,79,60,8,58,32,13,0
61,80,9,24,2,17,58,29,93,10,68,80,41,0
47,28,5,36,6,12,29,81,70,2,69,30,32,0
47,96,6,39,6,0,31,23,76,10,98,46,14,0
21,94,0,84,16,4,74,4,96,7,80,54,33,0
63,80,4,45,21,27,19,52,29,5,40,37,30,1
53,99,6,59,19,3,15,100,29,7,47,87,9,1
32,35,0,97,26,15,24,54,86,3,43,80,6,0
42,21,1,18,23,14,59,22,44,4,61,60,10,1
69,91,8,90,15,28,44,90,23,7,42,62,11,1
65,62,2,8,15,26,8,75,83,2,62,68,39,1
50,61,5,68,7,17,50,9,91,2,67,30,20,0
40,96,6,4,2,16,60,97,55,1,55,86,25,1
43,76,8,88,19,13,39,32,82,1,49,70,60,0
30,100,4,25,14,13,60,79,60,1,49,71,54,1
19,86,3,18,0,18,66,92,12,6,78,62,12,1
42,49,10,29,9,28,79,61,79,5,33,77,22,1
41,32,1,99,1,5,75,81,55,10,28,97,12,0
34,38,2,47,6,12,14,26,14,8,57,89,14,1
32,26,4,15,30,17,52,6,10,5,41,48,42,0
58,28,10,70,13,25,3,99,11,1,79,50,48,0
56,73,1,17,15,14,22,26,85,8,4,47,54,0
57,80,3,55,26,28,26,73,88,6,20,69,36,1
65,21,0,20,27,22,36,9,2,8,89,55,55,0
55,69,3,30,14,26,76,74,23,2,35,38,14,1
54,94,6,0,6,6,42,56,88,10,53,86,2,1
38,50,2,2,12,26,36,29,8,8,39,31,2,0
67,52,9,94,24,18,84,2,91,6,53,95,43,1
62,97,7,24,9,29,28,28,45,1,86,43,43,1
78,99,5,7,8,16,28,13,93,1,99,84,6,0
58,30,5,64,8,8,48,76,70,10,92,99,25,0
63,52,0,61,5,10,74,82,59,5,10,40,3,1
49,26,4,6,23,4,50,24,10,7,80,45,23,0
55,50,2,6,24,1,49,9,9,4,87,54,9,0
76,67,9,7,11,14,27,78,2,10,83,99,31,1
65,66,0,18,29,23,73,91,18,5,65,77,28,1
77,97,7,16,22,11,4,48,1,10,1,61,25,0
73,72,6,10,19,9,55,37,16,3,53,48,35,0
48,99,6,48,29,9,63,70,92,2,46,48,1,1
31,38,9,10,19,19,88,13,1,2,26,28,2,0
63,100,9,40,21,10,96,29,52,5,98,97,15,1
25,25,9,61,13,9,16,39,15,4,2,91,43,0
53,68,3,51,26,27,96,11,9,2,28,21,40,1
34,92,10,65,19,6,88,91,67,5,84,94,16,1
51,69,5,67,26,13,96,13,42,10,27,21,23,0
74,100,8,91,6,12,54,0,89,9,28,37,49,0
78,31,2,96,7,4,8,67,57,8,31,88,35,0
61,42,8,74,7,28,90,48,59,9,47,76,8,1
18,73,3,66,29,18,88,17,23,9,7,90,7,0
80,88,4,39,7,9,67,35,75,8,72,42,21,1
23,78,6,4,1,7,72,63,84,9,96,38,35,1
66,55,5,84,13,17,78,95,15,4,75,38,39,0
21,22,9,21,9,0,15,27,99,8,48,77,37,0
54,77,7,36,17,4,15,91,98,2,26,68,33,1
75,74,7,10,17,10,12,31,8,9,55,64,37,0
43,76,7,43,17,19,77,71,5,9,89,47,35,1
69,36,2,85,15,10,85,24,64,3,7,94,18,0
52,58,9,52,19,15,84,46,77,6,84,69,19,1
24,87,5,76,4,9,72,19,23,7,57,30,10,0
71,74,6,60,19,14,62,32,9,3,58,74,4,1
74,64,8,66,30,6,40,29,81,5,94,28,30,0
17,95,9,12,4,14,52,36,72,1,1,33,45,0
76,20,9,91,19,28,67,79,26,3,82,40,33,0
73,40,3,10,22,24,73,52,82,8,72,67,4,1
75,40,4,10,9,15,98,88,99,3,29,77,9,1
55,71,7,84,16,5,8,73,2,8,22,88,17,0
51,62,0,84,29,10,50,68,37,9,96,28,43,1
52,71,5,6,12,16,47,7,72,6,40,86,39,0
33,86,3,16,16,14,79,96,73,7,62,97,24,1
78,63,4,47,17,15,48,100,72,6,14,37,57,1
37,51,10,13,12,23,17,0,16,8,2,31,39,0
26,29,4,62,16,1,9,94,47,7,35,97,13,0
73,83,1,63,27,3,84,6,48,10,71,35,57,0
72,98,7,96,14,18,53,61,42,1,67,56,26,0
19,88,1,74,25,5,78,86,83,3,79,39,19,1
22,87,3,76,11,17,14,57,6,3,98,39,17,0
76,47,4,64,27,20,10,87,67,3,22,34,50,0
69,72,0,33,9,10,39,77,73,4,18,44,30,0
16,70,5,8,12,8,46,86,20,1,46,36,26,1
70,72,1,76,29,30,100,72,77,2,82,31,13,0
18,23,4,36,10,2,19,7,24,5,63,61,49,0
53,98,5,29,2,1,97,63,80,6,98,58,18,1
16,36,10,40,21,17,21,7,60,9,36,75,57,0
53,86,7,44,9,14,47,2,27,2,46,72,21,0
44,93,8,100,10,24,81,57,77,9,37,90,52,1
20,66,5,46,5,21,15,31,51,7,18,91,34,0
36,75,4,6,0,17,4,67,12,9,43,66,51,0
62,42,3,13,5,18,64,48,33,4,29,44,47,1
50,37,1,47,4,14,82,37,66,7,76,69,9,0
16,20,1,5,6,29,73,1,3,1,18,52,30,0
27,54,6,33,21,16,20,8,43,8,95,93,29,1
75,83,4,79,11,17,60,45,14,7,15,48,29,0
42,77,6,100,11,30,76,64,83,7,59,22,46,1
71,78,10,99,6,17,54,48,7,2,94,58,19,0
38,20,0,45,1,10,23,74,4,10,100,23,8,0
40,22,0,58,27,17,22,28,65,9,28,56,44,0
36,86,4,69,0,22,86,89,91,8,53,25,17,1
76,56,1,7,29,2,10,90,85,1,15,29,12,1
78,48,7,23,22,12,46,28,72,1,43,31,15,1
67,52,2,66,24,30,1,32,91,5,33,85,5,1
40,80,0,3,17,13,69,27,45,2,2,22,34,1
70,23,1,95,11,26,52,94,64,1,59,84,52,0
61,33,9,0,6,3,10,82,99,10,8,83,50,0
47,52,9,33,18,17,14,25,65,8,33,54,3,0
70,41,6,8,21,4,72,28,25,4,35,43,5,0
20,67,5,62,2,13,11,10,30,2,18,66,34,0
51,22,7,75,28,24,35,95,50,5,90,71,9,0
64,42,6,9,9,11,91,84,40,6,21,53,24,1
73,87,9,9,28,24,22,33,50,8,64,99,5,1
54,40,7,49,26,6,26,85,18,7,28,44,27,1
76,62,2,43,26,11,87,47,94,7,84,88,49,1
24,45,5,47,10,7,13,26,72,1,45,48,53,0
21,60,6,86,4,28,53,71,2,3,20,83,20,0
50,57,9,5,30,29,98,39,37,3,4,72,47,0
54,30,10,87,1,20,26,30,69,7,36,77,45,0
37,48,0,23,7,20,20,64,44,2,98,60,41,0
56,79,0,84,13,27,48,38,70,10,77,70,2,0
20,86,6,94,7,2,61,97,40,7,95,37,23,0
57,84,10,57,22,21,76,23,24,9,52,60,34,0
45,80,2,63,5,0,71,91,88,1,39,80,29,1
72,38,2,93,0,2,43,67,49,2,71,43,43,0
44,65,4,55,23,10,43,81,0,6,81,66,60,0
52,68,10,97,0,17,97,92,53,2,12,47,35,0
28,41,5,81,7,6,60,22,85,2,55,55,30,0
47,97,1,11,10,8,41,100,83,5,94,40,3,1
61,76,2,34,17,3,22,60,12,7,48,75,10,1
38,33,5,70,23,22,72,26,39,4,98,88,56,0
60,63,2,88,9,23,0,15,20,6,86,45,34,0
32,35,4,5,11,9,35,44,86,3,85,73,1,0
21,96,8,64,19,17,54,26,40,4,9,63,6,1
33,31,2,79,22,22,15,72,60,4,12,52,6,1
37,74,10,59,15,15,88,4,32,4,81,45,43,1
48,70,5,67,4,28,17,58,72,1,80,41,16,0
45,58,10,28,15,11,97,71,28,4,69,39,1,1
47,52,4,37,23,18,37,81,54,4,83,21,5,1
57,52,4,91,11,23,66,34,31,6,57,60,25,0
25,48,10,21,30,21,19,69,10,9,28,73,58,1
51,88,5,7,5,2,18,86,51,10,17,76,27,1
49,89,5,62,29,7,12,45,35,6,22,37,42,1
43,50,0,95,30,26,16,89,92,6,35,24,53,0
26,99,10,96,4,28,77,55,30,7,59,65,60,0
54,50,8,12,0,18,29,23,13,7,79,94,55,0
62,65,4,26,18,8,85,9,62,1,19,40,38,1
34,96,0,17,9,26,42,78,51,8,50,41,43,1
30,71,7,17,24,18,47,37,53,1,26,22,26,1
43,29,6,76,30,16,42,83,49,9,60,28,16,0
39,93,6,85,13,12,92,92,88,4,44,21,52,1
24,60,4,61,24,1,65,69,53,9,56,47,45,1
62,96,0,13,20,3,52,47,89,8,99,53,44,0
48,22,8,10,2,28,71,8,85,9,43,72,50,1
77,78,10,85,5,10,77,49,72,6,23,78,26,0
34,71,8,99,4,1,33,68,96,9,74,29,45,0
55,53,7,16,30,3,76,47,86,4,22,21,37,1
62,68,4,50,16,3,73,38,98,3,47,67,28,0
80,47,2,95,17,19,71,82,83,3,55,25,28,1
44,32,7,13,11,0,70,4,96,8,11,63,30,0
65,88,0,56,4,24,12,83,34,2,55,73,58,0
28,86,2,92,29,25,89,10,29,6,26,90,13,1
16,80,10,5,8,10,55,59,54,9,1,55,25,1
49,79,6,56,11,22,58,26,93,9,100,27,45,0
63,90,3,3,19,1,31,92,85,8,62,29,51,1
63,43,6,10,8,18,82,6,0,8,21,52,19,0
64,82,10,73,2,28,78,59,14,1,8,38,13,1
79,80,4,91,0,7,53,49,24,7,20,37,60,0
76,42,5,10,21,22,1,66,19,1,45,70,11,0
44,49,6,98,14,19,36,68,70,9,81,42,48,0
54,79,9,78,9,3,82,54,15,3,79,20,23,0
41,37,6,7,13,24,96,76,51,1,85,78,14,1
32,75,6,83,6,15,32,15,86,8,65,22,10,0
28,72,6,58,3,14,0,11,84,7,60,29,34,0
41,26,10,20,25,4,27,26,64,2,67,90,40,0
64,88,6,64,4,29,16,32,83,7,95,68,23,0
22,91,2,92,19,28,56,78,82,5,56,75,40,1
73,98,2,23,15,26,69,84,69,7,31,35,58,1
64,71,6,29,2,4,51,80,95,10,85,58,54,1
68,23,1,98,16,14,43,54,0,7,87,95,21,0
80,53,1,96,12,22,83,51,93,2,81,63,59,1
77,88,2,83,5,16,46,36,15,2,22,27,20,0
32,52,3,56,25,2,12,14,26,7,62,27,32,0
58,88,5,79,4,17,75,83,17,3,56,64,14,1
40,57,7,72,15,10,29,82,76,4,86,30,24,0
18,45,9,94,10,25,84,64,43,7,100,44,46,1
44,20,9,16,16,5,65,67,49,2,72,36,18,1
47,23,6,58,4,26,52,2,91,2,8,74,47,0
41,58,3,30,5,11,17,71,73,9,62,98,54,0
31,73,1,63,9,21,27,4,13,1,78,75,30,0
40,52,1,47,20,25,3,8,51,3,24,63,28,0
69,52,3,22,0,16,41,0,92,10,22,72,48,1
43,91,5,69,29,29,5,29,74,4,15,54,14,1
71,39,2,29,20,13,8,70,49,5,84,58,42,1
80,35,5,54,9,5,19,85,90,3,91,21,54,0
56,40,4,6,16,9,93,19,16,9,28,44,21,0
66,64,4,74,26,15,100,92,2,5,22,57,34,1
44,81,1,97,2,17,37,26,61,7,31,87,5,1
34,50,7,11,27,26,67,88,94,7,73,99,31,1
56,61,4,59,28,19,49,98,20,9,62,51,3,1
60,31,10,51,1,5,59,90,32,2,87,98,23,0
30,84,1,26,28,18,12,62,0,3,69,97,39,1
18,92,6,11,16,2,98,74,69,4,39,60,56,1
26,22,8,12,3,11,93,80,55,8,81,98,59,0
68,28,8,71,1,15,41,30,3,1,40,90,44,1
61,70,0,79,4,2,67,81,21,9,69,26,30,0
45,35,6,61,9,15,24,18,76,5,55,91,42,0
72,97,8,28,0,3,30,92,57,4,71,37,43,0
33,22,5,34,27,24,11,78,43,8,64,36,30,0
66,43,0,59,25,19,63,61,56,9,8,96,57,1
63,92,1,28,0,12,78,6,93,3,71,78,49,0
23,32,3,30,26,3,60,100,39,4,86,30,36,0
37,21,3,76,25,3,52,36,89,1,44,70,38,0
21,90,1,75,3,6,25,70,55,3,38,26,7,1
72,40,7,60,6,20,60,85,62,10,21,46,59,1
51,38,1,1,13,11,9,75,38,5,4,78,5,1
72,66,2,32,13,1,11,7,6,8,32,56,6,0
64,41,3,71,17,15,21,56,13,1,55,24,49,0
60,94,8,61,1,6,52,81,89,1,93,81,14,0
60,52,9,58,0,18,20,27,17,3,60,91,11,1
35,51,0,39,20,10,34,81,54,9,59,93,37,1
79,83,7,48,21,0,70,94,55,9,94,98,2,1
18,58,4,31,15,8,81,16,87,1,67,74,31,1
69,91,6,37,28,4,26,86,56,4,5,35,46,1
79,61,7,91,21,25,59,10,57,8,83,93,27,1
55,28,4,78,17,16,98,14,24,2,72,75,16,0
74,44,7,86,15,26,46,29,95,4,37,70,2,0
70,21,9,87,27,0,65,94,69,7,95,87,49,0
77,38,10,12,27,16,95,5,79,7,27,65,26,1
19,39,7,84,22,11,14,11,2,5,13,80,16,0
75,89,8,53,21,24,23,86,20,7,6,97,9,1
45,36,1,75,23,12,83,60,31,6,65,52,52,0
17,87,2,12,5,23,9,35,1,2,30,74,52,0
77,22,0,38,24,10,87,34,19,9,75,37,9,0
64,70,3,22,9,12,23,66,74,5,52,31,5,0
24,45,4,91,1,30,87,91,17,2,41,93,36,1
46,75,10,13,6,12,56,78,53,6,95,40,7,1
76,83,0,16,20,5,33,76,74,10,80,97,32,0
63,27,7,23,16,25,40,62,98,5,15,92,29,1
40,100,1,57,2,30,39,82,35,2,5,45,37,1
51,56,0,62,19,30,10,39,75,10,15,98,56,0
23,46,1,33,11,21,89,81,60,10,1,40,3,1
73,64,4,50,1,5,0,30,59,7,15,41,30,0
60,23,8,85,6,19,29,36,94,10,100,74,40,0
77,56,8,9,16,20,42,84,35,2,60,65,31,0
54,90,1,71,18,9,81,4,93,7,48,60,48,1
73,52,1,20,11,18,25,80,43,6,54,24,27,0
79,50,2,36,8,2,52,82,67,4,55,63,6,1
59,74,6,6,26,25,46,3,65,4,72,35,29,0
44,31,10,89,13,6,8,25,43,6,86,54,9,0
74,30,2,12,1,4,8,23,76,9,27,24,54,0
24,91,0,79,20,7,0,38,89,10,98,81,20,0
21,51,5,29,3,4,70,55,28,6,30,45,50,0
44,76,2,30,27,11,43,53,47,6,76,80,11,1
73,57,0,4,18,3,58,37,35,1,60,70,19,0
32,79,3,31,20,29,55,53,91,5,66,88,39,1
31,38,0,15,15,18,50,18,7,1,46,75,10,0
18,75,0,72,21,27,15,93,4,9,52,69,5,1
36,33,1,21,16,17,37,25,95,10,86,55,39,0
79,52,9,63,1,2,10,51,93,4,81,43,23,0
51,29,7,43,16,6,24,74,77,2,35,98,6,0
77,99,1,39,18,7,92,60,46,9,42,49,31,1
57,83,10,36,7,14,82,66,42,6,56,88,18,1
57,83,1,77,23,20,81,21,9,10,45,67,21,0
76,81,10,15,19,26,58,16,9,3,52,41,15,0
28,87,10,42,5,16,28,10,5,2,23,52,59,0
26,62,9,83,11,18,79,38,15,6,29,88,31,0
69,99,9,62,24,3,39,60,59,10,29,69,10,0
31,78,7,14,29,15,7,90,25,6,57,42,6,1
23,71,5,43,22,25,97,48,20,9,19,29,24,0
74,38,10,89,17,12,5,92,99,5,81,55,33,0
72,40,3,8,26,28,44,60,57,9,8,36,60,1
55,41,2,64,1,11,52,11,40,5,50,72,28,0
74,28,0,98,18,3,93,12,29,2,7,27,28,1
17,28,10,43,23,11,97,57,4,1,11,63,10,0
25,92,2,19,9,16,20,10,9,9,67,80,23,0
59,46,8,69,30,25,56,63,94,10,66,25,15,1
26,36,4,73,24,8,75,30,10,7,83,90,46,0
17,63,5,32,28,11,5,10,62,3,28,100,48,0
65,64,4,79,29,25,62,42,6,6,56,56,37,0
27,27,0,99,2,30,5,35,58,10,28,73,14,0
38,99,9,5,24,14,52,1,11,4,89,42,48,1
33,37,0,82,27,19,3,86,63,9,75,76,14,0
77,52,3,30,11,1,8,60,40,2,40,70,7,0
77,20,2,65,25,28,68,35,59,4,2,77,51,0
53,95,10,17,15,8,73,77,71,1,76,38,36,0
53,25,7,27,11,13,71,100,27,7,61,46,18,0
76,60,6,67,7,3,86,48,79,4,76,44,60,0
16,74,10,64,4,3,3,26,62,5,25,40,54,0
60,24,6,79,10,26,57,11,2,1,95,44,53,0
43,78,7,44,9,5,36,57,100,2,54,70,15,0
36,99,9,57,2,23,70,92,31,4,17,90,49,1
28,37,6,46,26,4,5,5,20,2,48,54,33,0
42,68,9,65,22,27,50,43,54,1,12,89,56,1
22,84,1,51,8,23,78,46,17,10,61,69,47,0
37,73,3,35,11,16,98,22,52,1,94,34,48,1
68,80,10,0,5,12,49,73,74,6,2,43,56,1
19,27,5,38,18,19,95,97,60,2,80,68,22,1
38,22,2,86,15,16,13,75,49,3,65,87,43,0
48,44,2,89,20,18,98,95,7,5,52,26,41,1
43,88,5,74,22,26,10,25,11,3,34,100,17,0
23,74,0,0,23,22,9,6,50,6,45,73,26,0
16,59,0,74,28,0,60,31,65,7,1,57,15,1
52,69,4,87,13,20,80,32,40,10,100,64,40,0
78,52,0,73,27,16,12,81,21,6,52,28,18,1
37,37,9,13,3,21,33,98,8,2,67,74,8,1
36,76,7,77,17,24,59,19,77,9,98,71,3,1
50,35,1,70,9,2,50,94,78,2,76,96,54,0
20,99,5,22,17,26,4,68,10,6,56,68,55,1
75,57,9,42,11,26,73,95,12,9,58,74,51,1
61,60,9,21,18,13,31,51,55,9,91,89,14,1
65,26,4,59,7,11,11,41,27,2,50,95,34,0
63,97,9,99,0,14,51,82,88,9,25,98,33,1
21,72,3,26,13,5,12,0,63,8,12,22,37,0
71,82,0,55,22,19,84,62,100,7,97,87,49,1
74,51,2,1,5,21,53,6,63,8,73,57,1,1
44,57,3,38,13,1,96,57,69,10,65,89,53,1
33,41,1,50,1,3,53,85,54,8,56,68,48,0
17,35,1,18,8,12,40,49,36,1,50,27,35,0
23,71,1,61,28,12,47,33,32,9,87,64,10,0
69,48,10,70,11,22,50,50,24,6,28,48,19,1
53,35,0,75,4,26,46,9,22,1,3,98,11,1
63,95,9,66,1,21,49,25,59,1,38,68,55,1
42,36,1,62,18,24,95,31,55,7,64,43,35,0
35,83,5,4,6,26,75,41,62,10,54,40,2,0
27,32,2,71,6,22,45,90,7,2,36,42,3,0
58,91,9,77,9,16,98,61,16,6,44,47,15,1
76,75,4,60,16,5,99,11,94,5,44,51,59,0
46,24,0,99,30,10,37,39,89,5,69,41,52,0
76,31,7,70,25,18,91,86,56,10,93,81,41,0
50,60,3,6,13,15,12,77,74,6,53,86,47,1
30,22,8,49,26,7,75,33,61,8,13,92,28,0
31,52,3,45,10,28,21,80,93,5,44,25,2,1
28,69,1,95,27,0,1,69,10,8,4,84,30,1
50,75,2,71,19,9,92,26,66,5,70,41,38,0
74,28,4,75,5,1,76,7,39,10,51,70,5,0
36,69,9,73,7,18,98,96,39,6,70,87,6,1
69,48,5,13,18,13,12,98,55,8,11,76,5,0
45,58,6,72,29,2,56,46,52,2,91,91,54,0
63,64,3,93,18,22,33,80,84,7,54,74,12,0
50,36,6,68,23,28,18,25,98,3,62,61,4,0
53,75,9,64,23,23,8,56,27,9,59,71,24,0
46,65,2,64,23,30,94,6,85,10,99,80,60,0
39,86,6,56,16,8,32,87,41,7,61,38,25,0
64,88,3,61,23,22,26,88,45,3,40,20,26,1
47,33,7,19,23,7,44,98,17,8,4,60,55,1
70,86,8,74,17,10,1,25,22,10,27,82,46,0
73,42,6,25,11,14,78,58,25,2,16,67,46,1
18,80,7,43,8,5,82,68,98,10,82,100,43,1
25,42,7,66,22,1,56,46,28,8,7,51,60,0
40,46,1,69,23,0,94,34,51,7,11,69,33,0
76,73,8,61,15,2,56,29,74,5,72,33,21,0
44,29,5,44,17,24,15,49,45,4,64,36,23,0
34,96,10,10,15,28,78,88,0,10,52,49,37,1
58,35,3,71,15,22,5,23,62,10,6,70,37,0
76,60,4,92,3,17,13,29,15,1,48,81,12,0
58,74,9,73,22,13,26,83,24,4,69,43,37,1
40,80,4,33,21,16,37,53,61,6,6,82,21,1
35,100,6,87,6,1,18,66,81,6,61,33,13,0
63,68,8,45,0,30,36,31,79,2,66,53,43,0
39,92,6,80,23,18,3,7,82,9,95,78,53,0
26,71,8,31,28,29,57,49,15,1,96,84,33,0
70,21,3,74,22,21,89,46,68,4,73,52,44,1
43,69,9,97,28,27,8,86,90,4,79,77,6,0
78,62,9,87,19,8,39,45,69,2,85,37,59,0
74,96,3,4,0,7,14,79,33,8,53,31,43,0
20,27,5,62,30,9,100,34,79,2,28,93,12,1
66,78,7,28,7,8,3,60,52,2,91,85,38,0
36,84,8,47,25,26,89,88,22,2,5,21,56,1
27,100,0,97,22,26,51,78,42,1,81,89,30,1
65,31,0,15,7,7,17,50,43,5,58,47,37,0
19,23,7,24,9,6,52,62,31,4,24,61,18,1
57,96,10,100,0,21,58,7,22,2,31,22,16,0
53,60,6,71,20,23,98,33,19,1,99,67,45,0
40,26,8,28,24,5,53,24,18,1,41,32,7,0
29,88,10,51,20,1,40,43,92,2,68,76,46,0
47,88,2,45,28,28,59,82,71,1,84,22,1,1
26,100,9,24,13,8,92,42,28,9,81,82,53,1
76,49,4,22,13,8,87,49,17,2,46,57,28,0
33,92,2,33,9,18,3,12,68,3,10,78,53,1
42,25,4,66,27,8,84,45,11,9,37,47,44,0
70,38,9,93,18,1,38,75,9,5,21,45,3,0
69,99,0,33,24,27,6,78,36,8,21,84,50,1
36,85,10,31,28,29,22,86,80,7,80,93,43,1
59,29,3,28,15,18,84,52,95,6,97,93,52,1
20,35,5,8,8,15,62,62,54,2,10,80,39,0
56,56,1,65,19,29,64,1,3,4,82,76,10,0
74,98,6,56,15,21,40,39,94,9,97,20,51,0
69,96,7,38,19,13,88,22,62,7,93,51,45,0
37,96,0,6,26,19,94,58,89,3,95,51,14,1
80,51,3,68,7,23,43,68,11,6,24,46,15,0
79,66,10,7,6,0,44,33,17,8,12,32,6,1
19,91,3,95,10,12,68,73,7,8,20,36,39,0
80,62,4,17,20,21,94,26,31,8,70,47,45,1
30,55,3,81,5,1,50,54,83,8,8,71,16,1
37,45,8,48,14,21,64,3,48,10,78,55,47,1
62,29,6,15,18,13,53,67,62,6,5,66,18,0
61,50,1,20,13,0,55,71,76,10,54,85,35,1
29,48,0,9,14,14,93,69,58,3,36,51,48,0
65,24,8,3,5,17,81,88,86,9,38,51,25,1
35,96,0,43,28,8,71,26,66,3,3,89,33,1
65,20,5,7,23,21,89,46,98,4,36,74,56,0
48,22,1,54,9,7,39,39,38,10,22,92,33,0
74,86,3,18,13,6,57,83,49,1,8,99,19,1
58,90,5,63,15,8,14,26,84,2,61,59,38,1
27,54,4,39,12,8,18,6,70,6,78,47,11,0
55,34,10,50,10,10,9,22,25,1,7,100,56,0
35,86,5,8,24,3,87,83,22,9,68,50,39,0
53,49,2,29,2,6,15,63,95,8,62,50,3,0
18,94,4,55,7,20,42,97,62,2,19,45,60,1
43,62,1,80,27,6,30,28,65,2,47,23,38,1
71,79,6,43,2,3,15,60,38,8,24,77,1,0
28,59,2,58,1,11,79,43,65,8,80,98,40,1
52,84,0,14,20,25,27,68,45,1,6,42,25,1
64,48,7,67,13,26,61,26,14,5,8,88,57,1
51,93,7,69,19,26,19,11,15,2,25,79,32,1
69,38,2,60,28,16,34,16,89,1,96,62,46,0
41,22,6,79,20,19,58,36,71,3,89,45,36,0
55,55,8,89,21,30,8,33,15,3,74,86,4,0
58,62,7,100,14,28,9,93,84,10,41,87,55,0
37,34,2,22,2,25,44,35,38,9,58,74,23,0
35,60,1,76,0,30,81,5,10,10,81,66,16,0
23,99,9,46,14,2,14,95,87,1,60,78,11,1
44,55,6,16,19,8,29,31,35,2,3,94,22,0
55,96,6,56,21,4,47,72,17,9,9,94,39,1
45,52,8,53,1,19,95,21,22,5,52,35,33,0
70,24,4,90,17,15,39,9,76,9,58,77,41,0
31,97,3,51,0,7,90,28,48,6,60,20,38,0
61,33,7,21,8,30,90,10,41,10,82,64,56,0
77,87,3,100,2,20,82,91,43,10,49,25,13,1
22,66,3,82,1,15,73,65,0,3,94,71,21,0
60,73,1,38,3,18,43,55,6,8,5,38,12,1
74,23,0,98,15,15,45,84,47,9,62,62,55,0
71,28,3,12,21,17,5,94,84,2,32,38,51,0
63,72,6,77,0,14,23,57,15,9,27,58,26,0
42,96,8,94,8,23,72,51,47,4,85,51,49,0
68,97,8,65,24,27,90,60,77,8,24,84,55,1
50,79,9,51,7,17,6,16,42,5,38,66,53,0
66,65,0,100,5,13,5,90,50,6,67,32,1,0
52,73,4,13,19,23,32,29,65,4,16,93,41,1
72,93,6,72,17,15,84,71,30,5,15,55,57,1
23,56,6,73,15,4,37,36,38,1,25,89,22,1
35,42,9,62,7,7,43,4,8,3,72,46,27,0
68,46,5,70,22,15,16,25,40,4,4,91,57,1
27,89,10,27,27,20,30,69,62,1,32,43,55,0
64,85,9,88,29,0,36,79,13,3,45,39,32,1
32,80,3,45,3,27,10,0,57,4,56,28,8,0
79,96,2,27,2,28,91,8,73,9,35,58,59,1
57,70,8,1,14,10,4,84,87,3,53,20,34,0
44,69,9,16,5,29,63,70,96,3,30,30,18,0
34,38,3,58,30,10,75,63,97,4,49,93,4,1
26,20,7,51,30,1,2,78,83,9,94,20,1,0
65,59,0,3,0,29,55,23,63,9,81,100,56,1
73,51,6,76,17,21,62,4,27,1,83,63,53,0
49,41,5,81,22,18,37,50,3,8,52,70,44,0
35,85,0,2,10,23,53,37,33,10,95,36,16,0
65,59,3,36,2,4,1,28,3,1,81,85,30,0
25,57,4,96,29,2,89,45,69,2,2,42,23,0
47,67,10,23,12,27,1,51,57,10,59,60,31,0
67,74,7,71,16,25,11,45,85,5,37,78,28,0
30,94,3,34,17,22,39,74,3,6,29,93,50,1
18,100,2,1,25,29,1,67,49,2,30,44,37,1
52,74,1,32,25,7,79,58,4,10,22,36,16,1
55,70,3,75,13,3,93,9,74,5,75,38,41,1
55,79,10,85,24,28,56,97,44,3,97,65,9,1
71,27,9,76,6,12,46,3,34,7,19,54,2,0
38,87,3,9,6,26,35,51,82,1,67,93,46,0
26,94,9,80,13,24,3,73,74,5,86,42,43,0
79,91,4,61,25,21,74,96,74,3,18,63,2,1
23,28,6,42,23,13,23,17,26,2,94,28,32,0
71,21,8,68,14,0,81,75,1,3,65,51,16,0
75,99,1,58,11,4,90,50,53,10,84,78,53,1
25,89,4,8,11,20,100,22,71,4,5,61,51,1
54,78,10,76,7,6,61,24,97,2,76,81,13,0
43,38,9,59,15,22,1,59,83,2,11,38,49,0
64,47,8,62,8,5,14,36,86,3,88,54,27,0
51,91,2,51,1,14,74,67,78,2,58,95,31,1
28,33,0,22,13,14,90,76,47,6,18,27,33,1
51,43,1,29,23,7,48,17,76,2,72,62,21,0
41,63,5,42,23,1,86,28,94,1,93,64,19,1
19,75,4,67,28,13,34,29,48,8,56,25,48,1
79,70,0,20,15,28,93,91,77,10,22,32,57,1
53,51,0,42,4,15,46,6,0,4,56,30,13,0
37,69,10,72,4,28,23,87,90,2,66,89,60,0
17,60,3,6,19,22,82,40,32,4,23,88,19,1
46,85,3,15,29,9,59,73,34,2,16,26,35,1
26,44,5,22,20,14,92,36,53,5,44,74,35,1
61,80,5,57,17,22,76,26,55,7,72,74,33,1
77,85,9,86,17,3,47,20,14,6,68,38,3,0
79,61,5,30,4,11,22,99,68,2,14,25,48,0
25,84,0,68,10,9,11,42,100,4,9,28,21,0
55,55,9,5,12,1,40,50,3,8,75,39,40,0
39,95,8,64,2,3,28,92,83,7,16,44,23,1
59,28,10,58,16,19,69,70,63,7,13,69,48,0
75,55,6,27,24,27,50,12,21,4,36,91,60,0
77,57,6,17,17,27,22,52,23,1,44,69,45,1
32,52,10,87,13,5,30,86,46,7,100,57,45,0
80,61,6,76,11,13,20,62,74,6,81,85,11,1
72,80,1,96,13,22,23,56,5,8,14,76,4,1
70,65,1,9,25,2,71,24,26,5,93,41,4,0
68,80,5,6,17,14,8,12,9,8,17,75,15,0
71,37,6,36,29,25,21,36,38,10,65,55,28,0
24,89,2,95,19,0,3,29,73,8,84,70,36,0
37,99,3,44,1,18,76,89,89,9,97,87,8,1
28,34,2,85,6,24,97,11,36,1,54,20,24,1
63,67,6,15,14,0,2,64,53,3,2,67,34,1
33,91,6,87,27,12,100,17,96,6,17,52,15,1
55,32,3,13,9,7,27,84,50,4,23,43,23,0
32,62,6,10,14,17,89,61,59,8,86,68,60,0
30,79,4,82,16,21,97,23,71,10,1,88,27,1
30,76,0,86,10,2,14,59,50,1,12,77,14,0
78,90,9,33,1,22,7,16,61,5,13,67,60,0
54,36,3,59,26,17,47,59,48,4,78,76,53,0
28,69,6,12,20,19,98,8,50,1,74,83,2,0
47,51,1,38,30,25,87,51,27,10,12,72,35,1
24,41,1,43,17,8,51,91,35,6,57,79,43,1
55,74,0,27,24,5,54,14,24,10,86,62,7,0
35,76,1,39,3,19,36,76,35,3,18,60,16,0
78,32,9,15,8,1,3,27,76,5,83,45,22,0
59,66,7,49,26,25,54,80,59,6,94,78,54,0
53,81,10,27,27,29,11,8,6,4,15,68,28,1
75,73,7,67,16,24,18,55,64,10,39,83,32,0
63,48,7,91,16,30,78,84,72,10,78,24,7,0
33,41,0,59,16,3,56,93,91,6,73,63,22,0
31,84,0,11,29,24,93,74,35,7,69,37,43,1
70,48,9,15,15,29,36,93,93,2,33,76,2,1
54,67,3,52,19,17,75,35,72,7,48,59,8,0
74,24,5,53,24,6,82,55,29,7,5,65,7,0
77,54,7,48,7,26,97,88,98,2,88,77,38,1
28,93,1,35,22,10,6,70,46,3,8,43,48,1
21,90,2,61,14,4,91,19,90,3,19,47,21,1
75,65,5,83,0,7,54,54,28,1,52,65,43,0
29,54,9,25,18,10,27,59,4,1,12,87,22,1
69,64,3,55,24,29,92,34,64,10,72,91,35,1
19,32,1,89,14,23,36,73,68,6,8,73,18,1
54,29,6,21,8,29,83,98,62,9,55,52,9,1
40,85,3,72,4,29,60,0,92,9,84,86,49,1
47,89,7,68,15,19,74,77,55,1,93,54,2,1
74,91,7,80,27,28,38,44,16,7,34,58,59,0
78,44,6,48,12,19,22,68,50,6,82,66,42,0
53,63,9,97,15,14,51,39,36,4,65,90,42,0
68,79,8,1,21,23,83,37,87,3,75,24,17,1
43,66,3,52,10,2,83,97,90,9,47,56,40,0
18,59,6,6,12,6,10,23,8,10,35,20,20,1
37,26,9,99,5,23,65,3,37,5,32,75,6,0
53,65,9,76,25,7,12,90,52,8,51,26,11,0
77,42,0,19,19,10,76,68,12,4,80,83,5,1
72,65,3,93,16,9,40,12,89,4,6,27,56,1
21,32,1,29,4,19,48,20,52,6,9,83,10,0
47,40,8,74,28,8,14,100,74,6,40,76,23,0
25,20,4,94,16,14,55,31,87,3,86,47,33,0
18,38,2,66,0,25,53,37,96,2,48,45,40,0
74,79,3,58,26,19,30,94,48,9,72,53,36,1
64,52,5,65,4,23,60,31,69,2,96,41,39,0
74,23,9,2,4,21,57,78,34,9,26,39,51,1
46,22,0,55,6,4,86,56,15,8,82,33,47,0
77,71,6,78,15,14,59,47,12,10,37,42,34,1
67,47,7,16,17,3,52,29,10,7,52,86,17,0
56,89,6,51,30,4,85,70,86,5,12,38,26,0
46,89,6,6,5,30,60,37,1,3,38,97,53,1
37,74,8,4,1,28,79,94,93,2,98,58,48,1
19,76,3,97,30,14,41,43,18,8,68,56,27,1
28,35,6,96,12,26,28,25,44,2,16,20,46,0
60,43,8,53,9,16,83,99,45,8,61,38,3,0
57,88,4,60,20,22,91,89,46,5,24,34,59,1
64,60,1,15,19,7,26,1,48,9,78,20,19,0
35,96,4,100,10,27,43,42,78,4,17,50,8,0
69,66,3,66,25,24,92,42,41,8,95,71,17,1
51,95,7,58,20,28,4,62,32,7,4,62,50,0
16,88,4,46,1,18,51,72,40,8,50,65,1,0
30,50,8,47,7,30,52,57,68,5,98,69,7,0
32,49,8,63,23,8,51,47,85,2,3,39,36,0
39,37,2,49,21,9,37,4,90,7,8,81,3,0
73,63,9,84,18,4,43,90,98,3,12,62,19,0
38,46,5,40,19,9,52,75,18,10,35,24,42,0
61,45,5,71,16,21,1,34,38,10,66,98,27,0
23,79,3,21,15,0,53,92,6,10,53,85,3,1
74,37,10,53,24,24,83,15,38,10,93,31,34,1
74,75,9,4,9,24,76,82,97,2,87,76,5,1
28,50,2,16,4,21,89,48,33,3,33,79,49,1
54,78,0,100,13,23,34,59,90,4,18,74,37,1
43,21,6,77,23,3,45,50,43,10,58,90,58,1
76,58,4,40,18,20,71,90,68,7,86,85,46,1
31,80,9,91,3,4,91,81,67,10,78,91,16,1
17,82,6,94,19,22,78,58,62,1,93,92,56,0
32,37,0,80,15,6,54,63,70,6,45,46,55,0
45,36,7,34,23,22,71,12,47,6,15,47,14,0
28,58,2,39,14,4,10,93,2,8,15,56,30,1
28,90,6,21,27,19,28,25,84,2,45,98,32,1
58,73,2,47,8,7,68,69,33,2,68,38,59,0
36,95,2,52,2,16,62,2,8,1,100,70,51,0
70,54,9,92,22,0,46,86,60,3,69,32,45,0
55,30,8,9,8,21,6,11,19,7,67,64,12,0
30,80,1,17,17,17,63,40,39,8,76,25,57,1
67,63,3,98,3,11,81,78,11,7,62,20,27,0
68,87,5,79,18,2,63,64,27,9,84,44,26,0
67,44,2,48,23,19,91,62,47,8,44,45,48,0
45,67,9,70,3,13,11,49,96,8,20,32,29,1
48,51,9,29,8,15,11,46,73,2,39,38,23,1
72,23,6,18,0,17,35,7,74,1,39,29,49,0
67,57,6,54,0,9,28,30,6,6,1,64,22,0
24,82,4,59,19,22,10,10,81,7,67,90,20,1
69,66,2,86,18,14,52,16,82,6,47,34,38,0
16,20,1,71,2,9,69,26,13,7,73,50,46,0
59,22,3,80,9,0,84,94,80,8,54,27,16,0
24,81,3,20,11,18,73,26,86,2,20,49,31,0
47,83,10,25,17,1,95,77,18,1,9,20,3,0
30,36,7,27,13,12,46,86,53,10,95,35,21,0
27,97,7,38,9,24,32,55,59,8,28,30,51,0
72,81,4,32,9,15,80,68,66,8,64,46,39,0
23,54,5,39,17,7,66,93,33,8,35,59,5,1
42,32,7,82,23,2,42,97,88,10,40,63,20,0
77,54,0,28,0,20,17,46,40,7,2,89,58,0
27,62,4,19,29,18,73,18,30,2,3,76,55,0
80,21,3,19,14,13,52,56,38,4,14,67,23,0
57,75,3,73,7,10,38,30,77,9,81,59,32,0
77,96,10,11,25,28,71,15,100,8,99,58,42,0
26,70,1,96,2,11,33,44,51,4,68,22,9,0
58,73,9,24,17,10,36,26,46,8,47,74,3,0
32,35,0,24,8,27,40,60,19,10,94,20,27,0
47,37,5,3,15,10,96,25,95,6,54,42,27,1
55,26,6,3,20,21,48,28,96,9,58,86,10,0
38,64,4,8,14,20,9,43,51,1,62,81,16,0
71,55,7,14,29,26,39,28,94,6,51,53,24,0
21,60,8,25,4,17,17,94,70,4,78,36,23,0
65,61,10,78,12,29,24,1,61,3,48,67,9,0
52,26,10,89,21,9,40,5,4,5,27,72,2,0
79,34,1,91,19,15,35,8,56,10,77,80,6,0
69,79,10,70,6,7,1,14,3,8,55,30,37,0
64,59,3,31,15,5,82,83,10,10,84,34,35,0
26,56,10,75,6,29,73,57,18,6,49,30,7,0
64,85,8,98,26,30,48,1,83,1,24,26,15,0
36,74,4,51,24,18,66,2,26,6,10,66,21,0
78,96,2,31,21,12,52,51,28,7,7,27,38,0
43,99,5,8,15,14,18,54,17,6,17,24,36,1
32,75,2,77,12,12,25,52,36,3,22,100,23,1
21,63,4,12,16,0,53,93,60,9,59,85,29,1
34,76,2,55,8,20,50,71,46,10,44,82,13,0
71,25,5,43,11,27,24,39,88,10,11,40,55,1
43,51,9,96,12,26,16,84,19,4,42,90,5,1
53,93,4,95,25,1,73,38,69,5,23,31,47,1
52,37,8,82,8,12,60,42,99,5,60,30,39,0
64,87,2,29,4,1,45,12,48,3,86,73,39,0
58,92,5,15,6,24,54,36,14,2,62,100,42,1
51,26,7,11,0,10,49,54,17,8,54,29,45,0
73,27,6,73,3,12,74,31,37,7,82,35,56,0
28,83,5,65,27,30,10,13,88,5,90,34,43,1
67,26,1,17,25,9,11,64,83,1,94,77,1,1
73,60,6,12,3,22,39,26,21,10,13,98,20,0
47,59,7,92,15,21,47,23,75,1,68,23,43,1
75,22,0,23,4,14,55,21,59,8,27,41,1,0
73,36,8,11,21,28,7,77,96,4,40,54,35,1
71,85,3,59,3,0,87,44,92,4,74,33,40,1
43,98,7,59,5,30,13,7,65,9,92,50,45,0
16,71,9,92,25,13,86,90,25,2,85,93,60,1
57,41,6,85,22,9,55,66,63,5,75,89,7,1
63,23,9,99,2,17,53,63,95,6,84,30,35,1
55,25,6,0,24,10,99,96,57,6,100,55,52,0
78,57,1,42,7,6,16,46,2,10,83,93,34,0
19,45,0,54,16,14,44,20,29,3,10,99,50,0
53,30,3,39,28,2,4,31,18,10,15,43,5,0
42,36,1,63,17,1,2,44,9,6,45,59,29,0
24,50,7,33,17,21,8,43,88,10,53,61,50,0
31,96,9,33,25,7,83,40,45,10,82,40,48,1
71,54,6,47,24,30,19,95,18,5,7,100,27,1
46,35,7,32,11,7,82,51,57,8,30,70,7,0
29,98,10,67,24,10,20,87,84,4,78,100,1,1
40,37,5,29,24,15,79,10,5,10,30,74,9,0
49,81,0,83,0,1,32,100,50,10,27,23,47,0
39,46,8,89,22,21,4,84,13,3,49,81,58,1
41,54,5,78,30,27,23,17,57,6,57,44,1,0
35,64,9,70,11,4,62,10,7,10,64,89,27,0
79,54,0,70,10,6,78,26,1,9,63,33,17,0
25,47,0,28,12,19,25,42,17,8,48,60,32,0
39,28,7,22,2,27,88,64,85,10,41,76,41,1
20,95,5,33,26,12,91,53,56,8,81,57,55,1
73,34,7,83,24,1,32,28,93,3,30,81,30,0
42,40,7,14,7,25,17,20,99,1,82,60,15,0
30,71,10,96,2,2,17,28,91,3,3,64,42,0
50,54,7,52,16,8,37,8,34,3,92,99,28,0
68,70,9,16,24,9,32,60,65,6,37,35,52,0
59,74,6,63,12,23,26,61,55,3,30,38,3,1
41,96,6,83,9,12,48,70,99,2,54,56,28,0
62,63,9,60,16,24,49,94,81,9,85,98,5,1
49,84,3,56,30,20,14,90,42,6,84,80,2,1
65,99,8,76,2,12,76,95,72,5,86,45,54,1
27,44,1,87,12,4,51,4,91,3,100,98,38,0
19,66,10,36,21,22,97,96,71,7,100,83,16,1
63,99,8,6,5,6,67,14,7,7,85,32,44,1
70,75,9,7,13,16,98,56,4,4,88,53,17,1
16,57,2,86,26,27,18,4,12,10,85,42,12,0
45,30,1,77,9,14,94,19,6,2,7,39,26,0
18,86,3,67,19,29,24,100,20,2,8,73,57,1
36,34,4,20,15,4,75,80,92,8,86,92,49,1
64,20,1,60,17,23,75,3,36,4,86,77,54,0
77,26,0,73,12,6,24,55,44,7,63,78,7,0
53,20,9,85,9,26,32,84,51,3,63,39,24,0
30,68,10,93,5,1,59,33,47,9,64,58,16,0
67,92,4,93,9,29,36,39,61,10,30,97,18,1
61,48,8,79,4,23,91,68,77,9,98,51,59,0
40,45,4,74,28,17,42,67,100,7,93,60,8,1
36,64,10,85,5,9,8,21,50,7,10,88,27,0
20,90,9,28,6,0,13,13,3,1,69,87,26,0
62,31,8,24,10,26,2,67,85,10,49,40,31,0
33,51,9,57,15,26,68,7,55,8,39,43,18,0
36,39,5,13,24,13,55,66,74,2,34,35,2,1
38,70,2,77,11,26,25,45,33,8,10,51,41,0
79,100,3,65,11,18,52,28,44,2,9,45,23,1
55,55,3,53,29,15,40,89,15,1,60,22,56,0
25,86,0,76,22,18,81,93,8,8,96,26,48,0
67,20,2,66,19,5,20,11,79,4,5,35,49,0
76,46,2,29,25,11,38,78,15,10,35,72,42,1
79,59,0,17,4,2,79,51,94,6,11,23,22,1
20,33,8,53,15,6,22,57,30,10,42,64,33,0
68,88,10,99,30,23,92,1,12,10,80,51,53,0
70,98,0,20,28,2,73,0,4,1,91,97,18,1
52,25,8,52,5,24,57,54,46,9,20,77,15,0
71,52,0,82,28,16,68,91,38,7,51,32,41,1
74,74,1,15,8,14,74,98,17,5,1,41,3,0
74,38,1,27,4,18,28,33,19,6,90,63,48,0
17,96,5,3,20,27,61,63,1,3,11,63,58,1
80,48,6,54,22,18,52,67,39,9,61,49,23,0
75,80,10,14,15,22,44,81,29,2,79,42,47,1
66,89,0,63,17,10,26,11,9,10,39,31,2,0
45,98,2,64,18,26,33,49,63,1,48,33,42,1
26,99,1,15,11,20,13,20,41,1,82,55,4,1
54,43,7,19,1,19,40,9,74,10,88,64,26,1
78,42,8,63,25,1,73,84,52,2,28,91,19,0
79,29,1,32,9,6,59,88,92,6,89,43,49,1
76,73,1,80,11,18,41,80,52,6,87,22,10,0
69,60,9,68,13,6,50,69,39,9,75,97,22,1
73,68,8,68,17,9,74,13,15,10,97,70,53,1
71,36,3,57,18,11,10,100,47,4,80,94,6,1
49,75,4,38,5,22,34,39,60,8,36,74,1,1
46,64,10,76,4,26,18,81,91,4,87,57,43,1
67,49,8,35,26,17,87,29,80,3,70,39,16,1
16,63,5,93,30,22,64,72,37,4,62,21,56,0
70,93,9,67,15,5,75,13,43,1,88,45,52,0
37,74,8,86,13,25,60,51,14,9,70,21,7,0
55,38,8,20,12,19,46,16,94,5,10,86,24,0
16,48,6,62,20,26,13,61,60,7,86,93,35,0
80,21,9,84,1,20,66,97,6,3,87,61,14,0
78,55,8,5,1,27,51,21,29,5,5,59,4,1
69,38,4,23,11,7,31,52,35,10,28,28,41,0
57,26,4,52,0,4,79,31,89,4,59,21,15,0
36,45,7,94,18,2,9,75,10,7,9,47,44,0
37,98,9,82,27,1,16,54,69,5,39,22,57,0
53,57,3,75,27,21,39,79,28,2,92,35,48,1
23,22,8,77,26,5,67,21,91,3,62,23,23,0
77,99,6,49,15,6,62,37,78,8,89,42,19,0
62,85,6,11,29,7,14,49,92,3,38,96,14,1
32,90,2,55,6,3,96,65,5,7,91,25,27,0
32,62,3,14,26,11,38,44,75,5,24,93,36,0
28,81,6,82,20,23,56,7,50,7,64,74,55,1
32,90,10,91,6,11,9,64,79,10,43,100,38,1
53,43,10,39,15,16,70,39,37,9,16,27,22,1
60,58,4,40,24,21,96,4,72,7,66,92,11,1
21,87,2,68,5,21,16,44,21,6,66,100,4,0
50,63,0,68,17,18,75,45,96,1,69,83,58,1
29,24,6,5,0,8,16,35,89,4,46,86,32,1
76,74,5,86,0,11,15,16,53,8,21,60,40,0
30,49,9,66,25,27,77,40,39,1,60,59,41,0
69,48,6,100,24,20,2,29,6,6,10,46,58,0
42,45,1,32,13,30,50,51,95,2,18,58,55,1
28,45,3,42,5,16,93,78,39,9,90,72,24,1
46,56,1,20,5,22,45,19,23,8,84,59,58,0
50,72,7,83,3,9,54,35,40,9,41,71,34,1
75,49,6,64,11,30,98,65,50,9,36,56,52,0
21,22,0,16,29,29,25,44,38,2,85,86,3,0
73,62,1,92,17,18,75,3,100,2,66,38,38,0
64,26,1,7,9,25,30,49,82,9,46,53,2,1
38,68,3,63,2,25,80,87,42,2,97,97,23,1
49,92,2,89,2,10,100,54,68,4,23,85,40,1
41,60,0,27,7,19,71,58,93,2,39,29,20,0
62,96,1,97,21,21,18,41,58,1,95,71,56,0
20,98,10,89,22,23,89,1,24,10,4,61,8,0
35,73,8,12,24,12,67,45,93,7,41,79,35,1
21,88,0,100,0,3,14,1,24,5,3,100,49,0
74,46,8,12,17,14,57,49,72,3,53,21,43,0
79,27,6,37,14,11,77,0,90,8,74,20,3,1
33,51,1,24,24,24,29,12,23,5,96,69,32,0
19,83,1,61,20,23,47,69,61,1,36,55,58,0
32,29,4,22,19,25,55,21,42,9,49,41,31,1
29,32,4,85,16,9,41,16,58,5,27,55,44,0
28,82,3,20,24,21,23,58,53,3,53,22,46,0
22,54,9,53,10,6,51,85,78,6,49,63,31,0
59,80,9,62,12,23,42,69,25,8,83,35,1,1
30,73,2,29,24,1,33,2,53,2,1,30,12,1
34,27,3,74,19,20,59,69,60,3,90,29,18,0
78,48,9,67,24,28,82,80,93,7,46,70,24,1
50,60,3,96,9,6,2,98,74,2,62,61,36,0
50,49,1,75,12,7,67,48,92,5,77,44,29,1
34,40,4,72,16,20,10,49,78,9,99,25,25,0
35,95,4,31,30,18,12,100,43,7,66,63,23,1
50,30,4,74,20,30,49,34,8,3,22,27,3,0
47,21,10,100,0,5,81,22,41,2,39,53,30,0
63,69,10,23,19,20,18,71,28,10,92,60,17,1
59,60,9,6,15,7,43,6,78,9,44,20,45,0
39,85,0,71,15,24,32,49,80,9,2,22,49,1
76,22,5,96,27,24,37,9,79,9,75,71,30,0
32,99,10,88,20,27,2,89,57,10,59,96,49,0
65,70,1,0,29,27,98,54,85,3,90,62,58,1
80,87,6,2,26,21,64,73,62,1,28,66,19,1
47,44,3,27,2,30,34,18,48,9,90,38,5,0
51,49,4,42,1,19,35,22,10,7,81,89,40,0
28,30,4,96,5,3,37,94,88,2,67,66,56,1
73,36,4,45,10,24,38,63,53,6,14,97,34,0
29,45,1,0,28,19,24,32,29,9,16,24,57,0
52,42,4,37,2,23,63,65,65,8,51,83,9,1
55,75,2,90,25,8,12,91,64,6,100,64,39,1
74,71,3,34,0,4,67,95,57,6,28,83,48,0
31,67,1,73,10,28,69,96,56,8,92,64,44,1
77,39,3,75,12,5,74,8,36,9,53,55,26,0
19,21,8,73,4,18,0,28,53,8,52,28,53,0
60,50,7,53,17,11,71,78,72,1,25,42,5,1
43,46,10,97,14,4,53,17,68,2,57,51,24,0
46,21,2,23,17,4,97,81,23,6,9,64,31,1
18,97,0,27,14,30,8,70,62,8,11,47,24,1
23,23,0,21,19,29,35,77,90,4,45,71,21,1
39,32,5,15,19,17,36,28,93,4,85,30,22,0
30,54,2,12,19,25,58,82,50,2,2,38,38,1
58,91,3,99,6,5,20,60,14,10,54,83,22,0
46,85,0,99,16,8,19,4,46,1,34,84,21,0
60,25,7,61,28,10,0,68,72,10,42,92,57,0
23,50,0,42,7,30,98,55,45,9,77,76,30,0
72,29,4,86,27,22,58,51,100,7,69,85,49,0
45,40,5,77,12,13,27,14,29,9,11,23,47,0
33,93,1,31,25,23,70,89,78,2,29,48,10,1
54,42,6,66,15,1,55,87,19,10,92,23,3,0
75,22,6,90,24,26,8,82,56,5,92,20,39,0
58,51,0,82,9,28,64,19,48,2,5,37,29,0
60,39,3,85,28,13,35,72,55,10,20,32,25,0
38,93,3,56,13,24,97,91,55,7,39,89,2,1
21,48,4,64,30,18,33,15,24,9,74,68,13,1
71,71,0,68,5,9,80,74,8,3,32,66,27,1
19,65,0,48,19,4,31,97,21,1,29,49,29,1
38,53,6,32,21,29,65,24,76,4,66,46,14,0
21,80,8,18,25,22,99,56,36,4,1,91,4,1
47,91,0,35,6,3,24,20,27,6,84,47,8,0
33,90,1,69,5,6,50,4,13,5,1,21,5,1
30,89,5,14,26,23,62,74,29,5,4,39,44,1
55,30,5,99,16,30,89,8,38,9,15,94,27,1
21,82,1,96,20,12,44,10,56,1,47,97,24,0
78,40,8,23,23,9,25,100,4,8,30,43,44,0
26,22,3,26,30,29,20,64,11,8,6,96,43,1
58,29,6,48,7,9,81,62,34,8,1,91,34,0
32,46,5,74,11,3,92,25,40,3,71,63,28,0
19,31,10,22,25,15,50,73,62,10,62,40,24,0
78,26,10,32,24,14,23,18,41,8,64,41,54,1
56,36,2,40,3,20,91,15,64,2,5,92,5,1
20,84,7,55,9,10,11,55,64,8,54,77,13,0
47,83,6,28,5,18,10,100,42,8,49,30,18,0
50,45,8,30,6,20,26,67,59,3,7,99,55,0
37,34,2,64,20,23,22,77,19,4,100,72,17,0
80,52,0,97,30,2,32,29,97,9,3,28,30,0
37,81,1,17,26,14,79,6,97,9,76,86,38,1
26,66,10,81,7,15,91,11,62,10,61,71,19,0
18,54,0,5,2,13,91,23,23,9,79,32,22,1
24,84,10,51,7,28,37,21,91,10,84,20,49,0
75,91,4,39,14,4,54,46,74,6,41,63,49,1
29,95,9,64,29,25,69,29,71,1,21,94,18,1
33,44,1,41,20,16,41,59,34,8,32,43,26,0
38,76,2,93,0,17,28,38,40,9,12,24,15,0
62,51,7,67,12,18,33,19,15,8,7,85,55,0
62,82,9,31,21,0,56,25,79,1,51,100,28,1
45,31,4,9,17,28,2,48,5,6,45,100,30,1
40,82,3,68,14,26,5,68,19,9,95,39,28,0
43,96,4,8,6,27,47,41,55,9,65,83,20,1
40,20,9,68,30,26,63,5,74,7,60,34,4,0
73,70,5,60,14,24,12,52,7,7,75,87,4,0
56,89,6,10,24,8,35,33,83,4,45,73,37,1
40,27,8,98,2,20,78,68,95,7,34,30,15,1
63,87,0,90,29,13,69,9,96,10,83,42,34,0
25,24,3,67,25,19,32,27,5,5,11,20,11,0
26,58,8,73,13,20,75,2,91,10,97,61,23,1
36,42,4,96,19,19,56,76,7,5,33,66,35,0
60,87,7,7,3,27,54,47,61,1,8,87,43,1
22,71,0,48,3,20,12,65,13,2,45,57,35,1
79,23,3,23,2,22,96,34,2,9,72,21,11,0
79,66,8,32,4,10,50,51,1,2,98,64,2,0
17,40,0,18,24,23,91,61,21,10,91,46,54,1
57,75,0,1,30,1,52,51,96,2,93,96,52,1
69,85,3,54,10,19,35,46,84,9,78,80,52,0
31,78,2,10,7,23,4,53,69,3,34,30,15,1
33,26,6,98,25,22,24,27,70,2,45,88,40,1
74,68,10,16,1,24,80,100,5,7,65,48,28,1
31,35,2,41,27,4,36,22,49,9,73,44,31,0
21,36,0,60,15,21,18,86,43,6,52,97,32,1
72,94,10,2,24,30,34,34,7,7,10,73,34,1
62,53,9,85,27,26,33,31,23,3,94,67,55,0
63,52,1,34,9,23,53,1,26,3,43,65,50,0
57,45,9,84,17,14,45,15,52,8,82,60,22,0
75,85,3,88,6,11,5,15,50,7,81,60,29,0
19,82,0,65,4,13,82,50,27,5,70,80,53,0
17,60,0,0,30,30,0,66,58,6,11,30,8,1
74,77,7,6,28,10,70,91,68,9,88,63,22,1
42,98,6,19,6,30,33,92,82,3,36,51,12,1
42,29,7,42,20,20,55,53,72,3,97,68,23,1
22,34,3,5,27,29,82,19,24,6,97,25,38,1
78,61,5,54,5,8,96,99,43,8,18,76,56,1
61,76,2,99,23,19,25,32,46,5,63,25,2,1
78,36,10,20,0,7,41,85,12,1,5,66,12,1
27,79,7,50,28,11,90,7,52,3,31,82,55,1
28,28,3,45,10,29,37,23,52,8,16,68,21,1
58,55,2,34,12,2,25,52,36,4,66,41,12,1
32,92,3,99,11,20,98,63,62,9,9,86,45,1
78,99,5,7,0,14,58,57,65,6,2,38,31,1
51,55,10,67,20,7,83,36,39,10,37,74,9,0
23,67,6,15,14,30,23,83,77,4,84,53,15,0
51,70,6,66,0,25,20,11,60,4,59,60,32,0
43,89,3,70,2,27,59,83,94,10,81,26,43,0
62,93,7,63,25,6,89,83,5,5,58,76,9,1
45,99,6,1,14,16,19,3,24,7,89,35,24,0
38,87,1,0,8,11,5,93,45,7,83,78,8,1
31,41,7,57,13,19,66,30,30,10,8,57,52,0
29,96,8,0,28,17,9,85,79,7,52,28,28,1
67,99,4,6,22,17,11,78,62,5,75,96,56,0
52,25,3,87,27,28,96,37,90,9,77,53,18,1
44,45,3,68,21,14,21,36,93,2,77,65,43,1
30,94,3,84,23,22,61,91,67,8,73,56,37,0
62,22,5,91,7,27,60,74,38,10,69,62,36,0
61,71,10,17,21,27,79,13,79,8,82,66,53,1
67,93,3,87,3,2,16,74,35,3,52,25,37,0
34,79,6,31,19,18,9,72,6,5,78,57,32,0
36,82,6,44,19,14,11,23,84,8,34,80,21,1
79,84,4,32,5,15,82,9,65,10,86,23,39,0
52,71,4,73,0,21,39,37,54,9,48,24,49,0
42,95,9,72,27,21,22,42,71,7,97,89,29,0
70,33,7,48,17,16,39,36,41,4,24,79,18,0
44,91,6,32,5,30,73,41,26,4,93,96,23,1
35,87,6,96,29,30,73,31,1,3,13,96,33,1
40,47,5,70,13,30,49,83,69,8,50,75,48,1
78,90,6,67,10,0,9,13,3,6,91,78,9,0
51,29,6,27,16,10,93,3,20,10,65,26,44,1
17,76,9,86,8,5,3,23,0,6,71,87,51,0
37,85,1,52,27,22,0,95,37,10,4,50,43,1
31,69,9,95,21,8,42,9,59,10,64,67,38,0
33,33,1,43,6,19,82,15,75,9,74,61,4,0
69,35,9,79,13,15,4,38,90,3,99,49,16,0
45,73,6,54,27,29,93,95,13,4,39,70,3,1
60,62,9,9,16,25,89,17,78,3,63,54,8,1
34,61,6,13,7,5,33,24,87,3,58,81,16,0
49,100,6,35,27,11,65,6,81,1,16,70,2,1
28,41,4,33,15,18,23,55,16,10,91,69,45,0
58,87,0,87,11,12,13,46,72,6,84,49,19,0
77,38,1,17,11,12,40,81,46,9,62,38,24,0
37,85,8,15,27,26,41,81,81,5,10,69,16,1
67,58,7,36,27,3,12,2,55,10,62,73,51,0
67,92,7,40,4,8,28,0,52,2,33,23,40,0
51,38,9,24,4,13,64,32,17,10,71,31,55,0
34,35,0,7,13,13,45,70,68,4,42,34,2,1
53,73,5,87,5,16,33,73,47,6,44,34,32,0
72,44,8,83,6,4,62,58,8,7,46,29,1,0
35,37,7,93,22,30,3,71,53,7,86,80,49,0
24,42,2,83,20,30,27,31,34,4,81,38,18,0
47,30,3,17,16,26,82,86,45,10,73,72,39,1
19,58,2,67,26,22,0,16,0,10,74,91,32,0
65,87,5,47,8,18,35,77,40,5,100,76,9,0
20,44,8,99,30,30,12,16,72,4,95,28,55,0
35,82,7,69,21,1,4,88,31,10,31,48,3,1
52,49,9,66,12,12,96,20,83,6,5,26,56,0
37,64,3,17,8,10,13,54,76,7,18,91,24,0
73,80,1,17,26,1,79,5,39,2,6,36,57,1
59,70,7,55,15,0,31,83,10,10,50,98,11,0
49,28,7,22,3,20,49,48,61,3,28,35,28,0
57,95,10,34,1,28,26,83,45,8,24,90,16,1
24,21,5,5,12,2,34,25,47,7,69,57,29,0
22,24,7,25,12,26,2,31,42,1,28,95,41,0
34,81,8,84,18,11,3,71,50,4,58,66,12,0
46,88,0,60,11,6,6,43,60,5,67,29,46,0
50,71,8,87,3,0,76,58,41,3,18,43,57,0
72,24,1,14,9,8,2,28,25,4,4,69,4,1
76,78,0,90,15,29,80,16,10,10,49,87,26,0
46,87,7,31,27,17,58,17,24,10,32,62,4,0
68,28,7,11,23,23,73,39,39,10,96,56,11,0
47,41,10,4,18,25,0,62,24,7,83,64,2,1
74,46,3,63,7,19,27,81,83,8,93,73,31,0
25,29,7,70,5,5,58,74,74,9,97,62,56,0
17,99,6,85,3,8,52,44,73,2,66,87,50,1
75,80,1,26,29,22,9,75,51,4,58,56,3,1
32,70,4,78,6,30,70,78,2,1,11,60,25,0
31,29,9,44,30,7,2,89,38,3,97,20,34,0
31,25,3,34,13,30,6,2,90,8,65,35,1,0
61,81,2,25,26,22,8,2,34,7,17,56,5,0
54,24,0,22,12,17,98,37,39,8,80,56,39,0
46,89,4,12,20,24,89,98,94,6,66,26,52,1
16,82,9,89,4,14,68,72,84,5,4,59,31,1
26,75,7,2,8,0,12,39,21,10,32,70,36,0
19,78,8,28,28,13,93,67,61,9,71,83,59,1
41,82,6,65,2,17,39,53,18,5,29,41,3,0
65,78,10,63,9,18,61,19,13,9,61,62,38,0
27,70,0,27,14,18,61,14,100,4,60,81,12,1
80,69,0,86,19,29,9,92,49,5,73,73,16,1
62,23,0,35,20,9,86,4,61,1,58,46,8,0
68,67,1,5,16,19,10,38,86,6,99,48,11,0
17,51,0,10,22,20,75,39,89,3,53,35,45,1
39,70,3,37,23,5,61,6,42,10,5,30,14,0
19,71,9,33,30,16,76,71,54,2,61,40,27,1
34,93,8,80,5,13,55,95,39,6,21,28,18,0
41,53,3,66,24,12,48,99,11,1,58,46,54,1
55,55,3,45,2,7,15,32,64,9,81,98,8,0
65,89,6,97,17,21,72,36,33,5,14,42,33,0
58,62,10,85,4,9,73,31,82,7,96,70,4,0
27,35,8,28,12,8,92,42,22,10,79,99,49,0
42,78,6,59,24,4,8,62,70,9,85,22,30,0
69,72,0,53,26,22,32,35,6,9,54,35,20,0
64,38,0,92,0,26,87,97,64,7,78,27,30,1
31,60,3,68,16,3,34,48,17,4,41,61,27,1
17,100,3,73,25,5,74,24,7,4,16,92,25,0
75,66,0,73,2,5,38,95,88,7,51,54,54,0
69,73,5,8,25,12,76,65,41,8,1,90,6,1
45,74,9,84,18,3,86,8,92,7,40,91,5,0
53,38,1,76,20,21,24,92,86,10,18,67,14,0
43,81,10,9,19,7,79,17,92,4,34,73,51,1
40,78,4,74,21,26,55,21,0,4,90,55,14,0
25,84,7,67,11,4,47,98,78,8,61,25,34,0
75,87,2,57,7,1,84,14,14,9,100,90,41,0
57,47,8,94,7,8,9,6,27,7,21,31,25,0
55,37,6,51,14,10,40,12,35,3,1,78,39,0
57,45,8,33,10,19,82,35,95,10,27,84,18,0
62,38,0,34,19,19,98,15,45,1,51,69,20,1
52,74,4,32,0,10,58,40,76,5,11,62,43,0
37,76,2,71,28,6,27,20,20,6,14,62,8,1
72,25,3,31,15,25,40,27,48,9,92,68,26,0
42,20,3,54,29,13,65,73,38,5,55,95,54,1
56,27,10,96,13,25,50,82,37,1,27,74,21,1
49,70,6,7,6,5,61,16,8,4,22,69,27,0
47,44,9,45,5,29,29,64,19,2,21,40,32,1
27,66,10,13,20,3,39,12,83,4,24,32,42,0
55,74,7,97,3,5,39,35,7,7,19,61,50,0
25,83,10,7,21,2,68,57,13,9,24,34,17,0
63,29,9,70,7,22,61,19,61,3,26,69,49,1
35,75,4,76,21,5,14,51,83,3,25,20,1,0
54,31,9,53,18,2,99,5,34,4,45,70,27,0
75,52,6,20,24,0,2,22,54,7,29,53,54,0
80,90,2,95,2,27,23,41,44,6,74,61,36,0
66,36,2,74,3,25,40,23,20,5,11,81,11,0
51,80,2,13,12,20,62,4,52,4,24,51,41,1
39,29,3,74,20,25,47,31,53,8,24,80,41,1
42,50,5,1,26,17,60,45,85,4,12,73,35,1
17,79,4,97,1,22,47,16,42,3,7,93,38,1
46,89,7,60,10,28,46,74,5,7,40,77,38,1
72,36,4,16,15,22,55,26,54,2,81,43,42,0
44,69,10,77,9,3,75,67,43,4,99,46,42,0
30,56,4,88,14,5,7,22,90,8,70,40,49,0
27,81,9,47,26,16,77,86,67,4,76,37,47,1
43,99,1,90,9,17,17,33,3,10,79,74,57,0
39,91,10,7,1,30,83,20,62,7,96,87,36,0
36,96,10,55,5,5,22,21,91,2,23,66,54,0
25,48,4,16,30,1,68,64,90,5,71,73,10,1
33,51,6,68,13,11,64,31,57,4,38,37,60,0
29,99,1,11,1,11,45,61,53,9,31,92,40,1
49,30,5,37,9,26,65,27,80,7,29,83,1,1
73,25,6,17,16,3,79,81,37,9,44,68,56,1
37,54,4,25,7,15,68,6,59,10,28,54,22,1
51,52,8,94,25,19,21,53,51,7,76,58,17,0
60,37,3,36,15,9,64,69,28,2,91,77,12,0
51,56,9,69,13,24,11,13,39,2,68,76,44,0
37,32,0,40,9,30,18,93,70,2,21,25,57,0
76,93,7,78,12,9,21,54,7,5,9,97,13,0
71,100,7,41,0,6,54,57,96,1,49,97,25,1
48,83,6,89,9,13,61,43,95,7,98,39,26,1
60,20,7,75,29,6,50,45,34,2,37,69,46,0
51,82,1,40,21,11,47,13,81,4,21,28,40,1
35,53,2,46,11,10,16,43,15,9,60,95,46,1
33,29,8,13,29,16,12,40,17,8,23,33,39,0
53,26,0,0,16,10,27,72,58,10,88,42,49,0
38,75,7,16,23,20,66,94,88,2,10,67,43,1
31,99,7,96,13,2,4,1,33,4,70,99,33,0
74,56,6,54,4,18,99,81,3,4,21,75,8,0
36,48,10,92,18,21,59,4,68,2,29,59,13,0
27,31,4,52,4,3,14,89,77,2,59,88,26,0
31,36,3,30,14,7,80,86,64,5,40,58,56,1
29,67,9,61,12,13,43,11,60,4,21,93,17,0
76,45,9,7,16,19,45,77,85,8,86,62,24,1
61,31,9,29,0,23,28,76,45,4,99,50,24,0
47,40,9,76,27,13,67,98,20,8,63,89,12,1
30,61,5,79,13,27,95,46,76,5,46,22,31,1
59,80,10,65,3,15,48,78,99,1,5,23,58,1
32,77,0,44,24,14,42,34,92,9,15,46,16,0
56,73,4,17,29,11,67,18,37,8,83,46,42,1
69,53,3,98,8,15,76,78,72,1,80,66,16,1
59,26,3,44,16,19,19,62,96,3,40,79,30,0
20,54,6,18,2,18,17,7,85,3,87,55,28,0
42,34,8,76,12,4,63,22,80,5,4,65,3,1
58,84,7,67,11,11,48,12,59,7,85,80,33,1
46,44,10,82,15,28,41,22,86,1,24,61,51,0
32,78,7,49,3,4,100,30,35,1,42,26,24,1
69,98,4,24,17,9,11,29,5,10,26,49,30,0
77,25,5,37,22,25,88,41,38,6,66,69,40,0
47,71,1,94,2,16,93,1,28,5,8,66,48,1
55,98,10,35,16,14,78,10,26,3,73,59,28,0
28,40,2,67,0,7,35,24,68,3,66,24,47,0
50,90,4,55,18,7,7,28,8,4,78,89,39,1
20,51,1,38,21,7,27,21,23,10,20,77,2,0
44,72,2,62,3,29,85,18,62,2,66,63,13,1
40,78,3,6,16,9,59,72,18,9,68,90,37,1
37,88,5,57,6,19,48,40,96,4,99,51,10,1
60,81,4,79,1,12,37,37,29,10,55,98,40,0
16,23,9,58,11,29,79,28,57,3,78,96,13,0
59,37,3,47,4,15,57,73,39,10,85,93,19,1
54,100,1,4,15,8,4,21,67,7,79,59,6,0
69,75,10,86,7,15,45,87,31,9,39,76,18,1
44,43,4,35,22,9,97,7,64,2,50,30,40,1
69,85,4,95,26,2,74,46,33,6,20,59,9,0
31,32,10,87,27,22,1,5,84,5,70,66,17,0
35,81,6,24,7,21,88,6,30,1,28,21,4,0
61,73,0,44,12,24,24,83,58,7,43,71,54,1
80,34,3,91,25,27,0,80,77,1,66,91,50,0
73,88,10,18,13,13,94,35,25,10,28,68,6,1
68,22,4,6,10,12,68,7,21,9,98,78,11,0
16,56,7,57,5,3,39,76,33,4,78,57,55,0
44,56,7,80,15,3,67,87,96,8,73,35,54,0
23,22,0,65,22,5,68,45,12,1,23,97,42,1
44,82,4,79,24,23,68,63,95,5,35,46,26,1
66,54,9,38,21,18,15,30,54,3,22,93,11,0
48,71,0,17,24,10,53,22,7,4,5,47,8,1
18,47,0,0,14,7,62,60,61,4,60,85,53,0
75,37,1,62,15,13,17,80,21,8,41,64,3,0
50,55,1,2,12,7,16,49,55,10,29,52,2,0
35,52,8,20,11,29,98,45,83,10,35,79,18,1
54,83,3,29,17,13,81,87,20,3,98,69,2,1
19,45,2,10,28,22,3,42,97,1,68,65,26,0
34,67,10,21,17,6,94,9,48,5,45,54,12,1
60,59,0,56,13,20,94,94,93,2,9,60,37,1
58,36,1,88,1,17,8,19,5,6,51,77,26,0
28,59,5,2,21,11,30,15,34,4,14,96,36,1
28,26,8,29,1,13,4,77,26,9,69,74,16,0
75,76,4,87,2,14,99,2,83,7,56,24,14,0
72,27,3,44,28,17,15,29,39,2,91,24,2,0
67,75,4,35,23,28,41,17,13,7,11,41,21,0
68,50,8,86,7,11,40,58,73,10,30,53,7,0
58,78,6,71,10,9,79,69,51,8,39,84,53,1
57,77,7,63,11,11,83,83,78,3,98,78,11,1
41,31,3,53,3,7,29,34,39,3,24,36,56,0
38,67,10,67,8,26,25,18,42,2,80,70,44,0
58,50,7,49,23,5,48,25,57,1,58,68,54,0
43,82,5,30,16,23,30,34,2,3,30,28,29,0
24,93,4,28,23,18,49,75,14,10,24,93,57,1
35,58,6,58,15,0,14,71,44,7,67,34,58,0
71,95,5,35,16,12,51,56,94,9,29,48,37,1
54,39,2,76,14,21,37,100,10,9,42,72,56,1
66,67,4,72,19,15,37,48,38,6,76,44,48,0
27,90,8,84,25,17,59,9,18,6,62,100,54,1
70,73,6,66,21,11,19,84,78,5,27,47,39,0
26,97,3,88,6,30,98,28,19,2,29,42,28,0
41,94,6,88,9,24,86,94,85,7,66,22,40,1
57,90,4,75,28,4,43,70,70,1,57,52,4,1
42,48,10,92,3,20,88,97,55,6,61,90,4,1
26,93,1,10,23,12,62,97,77,4,29,88,27,1
53,92,5,10,23,25,49,93,3,3,57,36,6,1
58,67,6,25,13,7,21,67,8,1,73,100,34,0
34,93,7,52,13,5,71,93,24,6,55,86,41,1
79,75,5,13,13,2,53,88,46,7,44,86,60,1
21,36,7,63,24,24,8,77,98,1,28,53,40,0
61,28,6,79,13,25,14,23,100,1,37,27,18,0
57,53,1,9,21,19,47,42,48,7,23,64,60,0
80,64,5,30,19,25,19,94,26,6,77,79,44,0
74,28,8,94,17,3,34,38,27,7,69,75,48,0
67,26,5,35,14,11,100,91,87,8,96,89,30,0
62,35,3,9,22,12,66,24,96,8,92,41,33,0
22,38,6,25,25,1,59,82,96,9,58,52,58,1
26,25,2,19,18,18,97,67,61,9,79,69,20,1
76,30,4,43,26,3,33,33,15,7,88,90,59,0
40,95,0,61,12,22,99,95,86,9,32,65,36,1
27,80,9,72,11,12,98,88,45,6,85,71,46,0
41,61,2,78,18,18,72,85,74,9,69,93,50,1
27,32,7,8,18,7,93,52,45,2,36,85,5,0
58,31,8,70,19,7,53,91,39,2,92,40,60,0
66,93,8,89,1,15,89,54,82,6,32,43,35,0
52,39,9,23,28,25,11,52,33,3,59,67,19,0
61,69,1,11,28,10,87,17,86,2,60,32,12,1
68,55,3,59,20,17,18,6,9,8,87,83,26,0
28,88,4,83,2,3,79,62,100,7,80,24,60,1
69,56,2,77,9,23,25,74,0,8,74,37,19,0
72,31,10,85,4,0,22,41,65,6,93,94,52,0
19,59,0,15,11,0,32,10,85,9,27,56,11,0
64,73,5,28,28,29,56,8,16,9,99,73,53,1
22,21,9,31,6,13,29,34,46,2,24,51,20,1
26,69,1,82,8,3,22,100,23,10,87,47,9,0
69,60,8,34,1,10,73,86,49,5,67,64,20,1
60,64,0,42,24,17,35,96,84,9,36,47,27,1
38,28,10,95,9,15,94,64,28,3,14,84,55,0
43,81,8,52,5,16,85,83,77,5,68,89,58,1
72,66,6,19,11,23,42,4,71,8,44,94,59,0
41,24,10,83,5,1,65,92,93,2,48,61,5,0
40,95,9,7,26,3,52,25,85,6,32,52,10,1
69,20,1,98,2,2,86,50,86,4,84,35,9,1
44,63,5,41,29,14,98,37,12,6,17,32,25,0
51,41,7,76,9,1,59,2,63,3,93,40,13,0
29,57,1,69,28,23,36,84,27,6,57,78,32,1
50,38,4,15,8,18,60,58,93,7,39,66,8,1
45,99,10,68,19,30,95,12,4,10,32,58,54,0
32,50,5,52,4,8,52,94,73,3,68,62,45,0
45,86,2,44,2,9,11,80,8,5,88,46,60,0
60,61,1,50,4,20,34,34,13,8,2,56,27,0
66,45,10,97,7,24,66,86,9,2,78,22,22,0
62,32,5,5,7,18,97,2,32,7,42,95,28,0
68,77,2,32,13,27,37,52,74,1,38,26,18,1
79,37,1,78,23,4,23,54,39,7,55,77,23,0
53,86,0,14,21,13,80,44,5,1,55,39,41,1
79,22,7,13,30,9,39,65,16,4,34,98,31,0
22,74,0,38,30,15,64,66,35,4,46,84,41,1
37,77,4,62,16,5,56,83,69,5,43,93,34,1
56,82,10,4,10,24,71,43,60,2,2,33,57,1
25,71,5,89,25,7,78,72,73,6,36,98,7,1
72,43,10,80,15,1,44,67,48,6,70,68,5,0
22,91,2,51,27,17,88,61,68,8,36,93,21,1
65,28,6,15,5,28,71,24,82,10,22,56,6,1
67,56,1,98,27,20,95,51,70,1,69,25,45,0
48,72,6,37,10,20,12,49,23,4,38,25,56,1
16,99,1,52,9,20,78,0,50,2,54,47,50,0
68,43,4,86,22,19,5,38,41,8,22,97,35,1
75,40,6,76,29,7,96,51,18,4,75,32,42,0
49,59,10,96,8,26,70,75,61,8,31,32,23,0
19,81,10,92,27,4,96,39,74,2,53,29,3,1
32,89,2,52,23,16,46,59,66,4,93,99,33,0
19,88,10,45,26,15,92,87,29,9,59,58,38,1
58,33,3,97,27,25,100,72,37,5,97,98,23,0
19,61,0,97,23,29,43,83,5,6,86,42,16,0
16,69,2,90,14,4,31,68,98,10,49,56,25,1
65,80,8,14,6,16,2,19,21,9,27,27,49,1
76,23,9,58,17,3,53,84,10,9,72,79,59,1
50,91,4,49,0,0,83,1,71,7,57,24,16,1
23,94,7,8,14,21,77,84,90,2,6,46,25,1
39,36,1,25,1,5,91,87,28,7,46,38,42,0
51,76,2,2,30,0,37,8,7,9,25,62,7,0
65,67,6,99,21,27,3,38,86,2,98,62,8,0
58,63,9,46,28,23,78,29,92,7,9,54,3,1
42,64,3,4,1,29,16,53,79,7,64,74,5,1
47,99,8,61,9,3,36,81,34,3,100,80,19,0
33,52,6,83,19,1,87,57,71,6,31,66,7,0
43,50,10,83,14,12,35,43,71,8,19,96,50,1
44,66,0,4,9,13,57,42,44,10,65,75,22,0
31,25,3,9,18,16,40,9,32,8,88,37,26,0
62,91,9,79,21,10,7,47,4,3,98,84,50,1
74,90,10,62,27,2,66,84,61,6,17,72,25,1
46,53,5,24,27,6,29,85,36,2,34,30,6,1
19,72,5,43,12,9,85,16,16,2,99,20,5,1
52,33,9,24,29,10,51,4,21,8,36,27,38,0
32,35,5,29,23,9,96,69,77,10,13,38,60,0
54,62,4,13,10,7,24,73,31,5,59,74,38,0
63,92,2,85,21,4,51,63,13,5,89,35,22,1
61,93,1,42,1,22,58,65,19,4,76,85,31,1
63,100,2,27,20,1,29,70,21,10,21,31,58,1
54,31,8,93,26,27,100,3,29,4,65,93,22,0
19,89,2,18,12,27,66,100,53,8,6,81,57,1
45,38,2,41,21,14,3,82,32,3,11,77,55,0
45,60,0,19,24,15,92,27,4,3,80,40,11,0
37,72,1,98,21,3,56,83,17,8,22,56,32,0
27,48,10,85,25,21,62,93,62,3,11,24,17,0
51,89,2,78,20,27,31,37,45,2,37,89,58,1
33,78,1,10,0,27,86,65,6,5,26,51,41,1
68,83,7,53,25,15,82,66,28,3,57,86,22,0
16,43,5,97,4,11,78,59,56,6,26,29,16,0
73,35,6,23,20,27,50,46,46,7,21,88,42,1
21,71,0,69,21,13,62,24,8,3,57,81,15,0
59,99,5,16,6,11,79,65,58,9,26,56,8,1
39,25,1,27,12,27,86,78,70,10,15,66,46,1
34,56,5,49,12,20,100,66,70,1,63,100,48,1
33,23,2,94,19,15,0,68,42,7,35,68,51,1
45,57,6,99,22,15,18,39,58,4,11,43,3,0
57,60,2,54,20,21,100,99,5,7,73,45,13,0
48,100,8,72,5,11,34,49,52,9,87,74,30,1
27,33,2,9,19,1,62,39,63,9,68,26,28,0
42,90,6,20,11,22,93,36,90,1,94,97,9,1
54,70,3,57,7,23,80,90,3,10,92,60,12,0
24,84,7,33,8,28,25,68,0,4,89,21,25,0
36,71,1,94,17,13,12,16,69,7,86,49,37,0
44,49,7,92,27,10,85,61,30,10,89,100,21,1
48,76,8,42,10,8,22,40,64,6,90,39,51,0
77,98,7,10,19,21,96,75,68,9,50,75,39,1
30,49,5,32,10,6,90,41,18,7,29,93,39,1
17,61,9,57,23,28,34,30,68,3,64,43,19,1
67,30,0,45,23,11,11,32,68,7,41,31,8,0
59,46,6,60,14,28,8,42,48,10,96,34,38,0
69,43,0,61,8,16,97,92,30,5,26,92,3,1
33,58,6,0,2,8,77,66,59,2,28,67,22,1
18,91,1,20,16,5,100,37,70,10,84,80,1,1
22,37,7,61,24,11,66,40,78,3,48,90,38,1
58,96,1,63,16,19,43,62,54,6,66,47,55,0
53,64,2,86,2,9,60,39,76,6,23,22,52,1
52,31,2,72,18,8,20,29,75,7,39,35,52,0
73,68,0,55,8,11,6,46,82,6,69,55,19,0
48,50,4,0,30,0,96,21,76,9,21,23,21,1
74,41,4,20,16,1,98,95,90,5,86,28,60,0
26,63,9,21,22,18,10,54,37,5,49,31,13,1
37,83,4,53,17,0,44,42,32,8,75,93,27,0
59,96,8,3,22,15,31,60,5,8,94,63,17,1
21,44,5,64,30,15,85,73,12,1,92,85,54,1
57,70,5,50,14,17,82,31,76,3,36,38,50,1
40,26,2,73,0,17,35,3,76,6,81,32,20,0
72,25,4,62,28,22,36,92,19,6,85,74,30,0
70,43,9,14,25,25,74,44,99,1,37,84,38,1
31,38,6,35,9,12,40,71,36,2,100,89,11,0
29,28,2,28,7,21,76,19,44,10,89,22,27,0
54,55,1,51,9,11,91,70,72,7,88,44,38,1
43,59,4,45,28,8,48,64,80,1,94,71,28,1
66,43,2,68,25,29,14,59,98,10,42,35,26,0
64,67,4,28,1,4,12,88,58,5,62,62,39,0
24,82,8,46,18,8,52,25,51,1,99,75,33,0
73,88,10,90,13,29,32,72,17,6,85,87,60,0
60,72,9,24,7,12,71,22,24,7,6,27,32,0
37,73,0,79,18,15,31,39,78,8,85,99,54,1
47,61,3,15,0,27,100,1,86,3,8,63,25,0
57,64,9,99,15,9,47,25,0,3,69,57,24,0
68,33,4,88,24,29,67,77,40,1,40,42,40,0
74,48,1,40,23,15,56,61,17,3,10,25,27,1
54,25,1,64,14,13,61,43,0,5,31,62,46,0
30,26,0,68,19,24,81,30,38,6,30,63,22,0
44,56,7,19,23,1,86,25,73,3,51,99,20,0
18,72,1,68,29,30,92,82,30,4,85,99,33,1
25,37,2,35,4,27,1,4,70,5,36,42,5,0
44,57,1,92,2,24,76,69,37,5,61,35,29,1
50,78,3,97,16,18,15,34,7,9,27,95,5,0
21,20,0,57,28,10,7,15,33,8,35,28,46,0
27,87,2,47,9,18,18,30,72,1,60,28,39,1
53,63,4,81,4,27,31,81,88,2,32,77,17,1
34,66,9,1,10,10,66,13,26,5,90,84,29,0
23,54,0,79,5,13,31,24,40,3,4,78,11,0
23,79,3,28,3,14,84,78,6,7,91,42,22,1
62,71,5,96,6,24,24,89,31,6,100,88,31,1
19,27,3,15,18,30,52,99,72,2,27,38,39,1
66,99,6,34,6,6,80,74,80,8,47,54,1,1
60,60,6,61,13,14,24,100,98,5,6,74,15,1
23,22,5,80,16,29,32,100,15,6,82,59,19,0
31,88,8,3,22,26,30,70,1,8,26,33,10,1
24,33,1,67,16,30,35,17,42,6,24,32,9,0
75,45,9,50,12,23,86,49,30,10,71,72,13,0
30,89,7,88,26,22,88,19,79,3,44,99,56,1
56,77,7,32,0,24,48,55,46,7,14,58,45,0
37,59,10,77,1,7,43,1,32,4,13,84,26,0
39,70,9,23,17,29,47,25,84,6,26,75,6,1
59,24,10,74,3,3,29,22,16,6,43,59,40,0
16,96,3,24,12,17,12,31,98,5,43,65,44,0
25,51,5,27,0,13,42,12,53,1,66,96,2,0
71,99,10,6,3,28,92,12,53,8,87,26,29,1
65,20,5,35,1,26,15,16,50,10,28,64,48,0
27,96,4,9,3,20,90,88,51,2,1,41,12,1
75,73,0,35,15,17,25,57,6,4,96,26,23,0
41,30,2,94,3,3,74,85,53,3,12,71,50,0
56,72,6,82,24,29,46,26,92,6,50,87,3,0
51,27,7,17,8,27,36,16,10,1,53,89,50,1
38,44,1,5,16,1,2,89,61,9,60,86,11,1
58,59,2,91,20,20,25,37,29,5,55,22,5,0
21,51,3,6,22,5,97,13,81,5,35,77,45,0
58,47,10,11,19,10,96,13,56,4,61,86,10,1
40,97,4,40,27,0,14,11,45,4,26,73,53,1
33,22,2,62,20,14,65,68,79,1,31,28,54,0
77,98,4,97,1,11,27,100,69,9,57,73,47,0
28,81,7,24,2,23,83,67,65,9,12,99,6,1
58,46,7,80,22,17,37,54,54,4,93,70,16,0
43,64,1,52,25,29,43,62,57,10,5,35,31,1
33,44,5,32,28,4,52,28,9,10,99,31,23,0
74,80,3,86,14,10,79,88,3,4,7,39,30,0
75,63,8,72,6,23,3,44,73,7,16,72,40,1
78,65,9,5,3,20,71,3,72,4,96,50,20,1
72,33,1,61,11,18,43,15,61,1,52,40,25,0
66,27,7,65,0,21,45,65,42,9,81,22,35,0
71,67,0,8,16,0,83,22,41,2,21,40,5,0
42,33,10,66,3,16,25,67,23,5,27,47,47,0
47,84,5,15,3,7,95,19,4,4,79,24,3,0
24,99,10,88,21,22,12,16,98,8,23,90,47,1
61,26,10,87,22,15,68,51,67,6,72,88,34,0
41,98,9,92,24,25,43,5,98,7,25,92,12,1
23,68,0,54,8,25,52,81,76,2,11,66,27,1
21,74,1,39,25,10,50,83,100,4,63,39,5,1
39,32,2,25,27,26,12,38,95,4,57,57,41,0
63,92,8,37,30,18,40,33,44,2,85,56,22,1
60,75,4,34,27,23,10,53,58,10,54,77,4,0
28,75,9,86,20,10,36,87,64,4,10,36,55,1
40,34,9,67,9,14,59,81,62,9,50,61,58,1
35,76,1,58,26,7,31,93,74,8,73,51,53,1
60,77,9,13,18,29,44,64,89,1,1,81,28,1
62,54,4,46,18,13,17,86,66,8,86,40,7,1
78,35,4,70,14,0,92,28,48,9,70,52,48,0
70,27,0,71,21,9,78,40,76,8,30,86,45,1
34,64,2,41,16,6,19,62,31,10,55,25,34,0
50,59,4,50,6,17,43,31,49,1,98,85,2,0
68,73,8,18,2,11,35,65,86,8,77,51,9,1
41,33,9,65,4,1,68,99,57,5,86,83,15,0
29,78,0,46,15,17,36,44,51,9,6,45,31,1
60,72,7,64,22,28,32,16,22,9,24,81,36,1
59,46,0,41,6,20,81,42,29,6,85,24,49,0
80,66,8,37,15,6,18,65,69,3,87,30,41,0
66,99,5,12,8,19,50,67,70,7,5,93,15,1
58,25,0,43,0,26,31,33,29,3,7,98,33,0
38,74,7,23,2,11,21,0,36,7,3,68,31,1
71,63,4,95,24,19,0,22,47,8,13,97,27,1
34,37,6,29,7,24,53,5,31,5,54,81,2,0
70,35,6,69,17,13,88,15,69,5,63,79,9,0
75,31,6,37,23,9,19,1,34,4,76,96,43,0
74,39,5,96,23,8,57,75,95,3,6,21,51,0
48,64,10,22,17,22,34,26,75,8,98,78,59,1
34,83,7,73,23,29,69,18,67,6,79,95,1,1
43,78,8,56,18,14,69,27,31,6,47,44,19,0
67,41,1,78,6,25,60,34,58,2,82,87,9,0
64,66,6,22,28,30,62,67,34,4,55,61,60,1
52,48,1,35,24,19,100,48,15,5,49,95,2,1
41,64,5,56,19,23,60,6,78,10,57,90,37,0
55,96,1,0,30,9,56,36,51,5,3,74,49,1
53,28,9,71,26,18,2,24,65,3,22,57,58,0
69,43,5,2,5,18,100,40,5,10,35,62,1,1
37,34,1,13,24,11,94,80,13,5,28,89,46,1
31,55,0,80,26,22,98,61,28,5,42,72,12,1
43,32,6,33,10,28,44,40,25,2,12,40,55,1
50,63,2,69,4,26,14,13,17,5,1,39,26,0
75,90,3,68,11,11,16,100,3,3,100,38,10,0
60,91,5,50,0,8,14,53,100,3,94,52,51,1
61,97,4,28,18,28,4,1,56,5,23,82,47,0
70,95,3,98,10,26,85,87,52,9,28,87,1,1
41,55,8,81,14,19,45,78,24,2,69,79,1,0
40,80,5,47,24,3,10,47,46,9,36,38,43,0
80,100,5,93,15,0,63,50,51,3,54,47,31,1
21,59,1,78,2,15,91,96,92,7,47,41,11,1
38,46,5,78,10,0,13,54,33,1,56,70,5,0
79,20,6,15,10,12,38,11,15,1,10,82,35,0
58,53,7,56,9,29,66,82,100,8,5,81,11,1
38,87,7,96,1,2,54,68,93,9,14,48,4,0
45,40,8,9,19,11,41,0,86,3,24,93,38,1
33,52,9,18,4,28,74,58,35,6,63,51,50,0
36,26,10,100,22,22,93,72,27,3,28,92,39,1
72,84,2,66,22,28,4,33,64,6,21,44,21,0
38,22,9,35,24,30,51,92,71,7,76,35,56,0
60,70,6,3,28,8,21,45,52,5,20,34,36,0
59,98,6,74,7,3,76,58,41,3,62,78,46,0
62,73,0,32,12,1,43,65,78,8,96,67,28,1
55,99,7,27,14,21,84,18,97,5,51,37,8,1
66,93,3,95,1,21,58,27,18,1,40,42,20,0
57,78,4,79,11,8,100,98,43,9,85,74,43,1
22,25,5,8,23,30,24,39,29,3,81,61,46,0
65,48,2,74,7,19,20,56,73,2,65,22,21,0
63,36,4,5,20,23,91,50,43,3,28,90,35,1
21,79,9,48,30,12,63,21,26,7,54,71,43,1
24,41,4,90,28,13,67,67,83,10,2,30,32,0
72,43,0,75,18,28,92,7,88,8,81,74,36,0
46,100,2,21,24,2,46,59,72,2,14,44,41,1
36,70,2,47,27,17,34,64,33,7,14,95,5,1
55,69,0,100,22,8,86,35,84,5,44,100,45,1
60,30,6,20,0,14,6,70,23,9,82,60,52,0
64,75,0,32,7,21,55,88,55,7,40,56,4,0
35,90,6,80,9,26,51,28,6,1,34,74,7,0
32,61,3,55,12,23,45,64,67,1,65,28,34,0
43,58,8,28,4,26,8,55,50,6,18,55,20,0
56,88,6,52,21,9,57,81,7,9,34,76,51,1
40,67,4,39,8,24,22,3,55,1,87,82,7,0
73,76,6,73,9,16,2,83,76,3,49,39,52,1
56,40,8,17,30,12,60,71,57,5,80,66,24,1
21,39,9,46,13,0,8,90,84,4,83,39,21,0
53,34,5,12,23,10,52,49,98,1,55,25,57,0
21,88,0,26,29,4,67,38,68,10,62,92,9,1
60,96,5,61,10,8,48,34,7,4,70,48,19,0
29,70,0,73,13,6,88,24,65,4,24,96,57,1
55,95,3,95,29,6,69,77,23,10,81,68,20,1
18,81,7,44,2,1,47,43,41,4,48,25,57,0
39,56,4,2,28,18,81,46,53,3,80,58,28,1
34,25,4,21,20,19,6,39,15,7,39,51,32,0
33,90,9,26,15,17,98,30,3,1,48,68,34,1
79,45,10,54,19,9,30,68,58,2,70,62,53,0
50,27,7,66,29,24,55,80,93,1,80,47,16,0
77,92,7,32,16,4,95,73,45,4,9,64,38,1
16,23,0,1,4,15,98,42,93,5,29,84,51,0
40,40,4,74,25,28,60,54,98,10,68,69,50,1
60,50,4,45,6,22,91,15,12,5,60,73,17,0
64,40,7,73,16,26,4,67,36,2,26,70,11,0
31,44,0,32,19,24,29,68,53,3,38,62,55,1
34,34,6,57,21,4,21,41,48,4,62,83,4,0
38,54,6,6,10,14,16,40,74,10,26,49,56,0
40,68,8,14,11,21,9,49,57,6,14,61,40,1
31,62,1,25,24,15,70,83,18,6,99,57,56,0
69,60,2,10,26,3,67,5,17,2,49,85,50,0
16,56,3,37,23,13,41,74,59,2,43,88,45,1
57,76,0,26,1,23,26,52,16,9,88,34,53,0
34,61,6,6,26,16,6,16,10,2,8,80,40,1
49,66,9,0,18,16,22,56,14,2,40,25,42,0
70,80,2,73,25,20,74,66,71,3,25,97,18,1
33,33,2,20,28,15,7,15,92,9,63,43,50,0
49,87,2,78,4,25,7,51,16,6,4,33,49,1
60,72,7,29,10,8,100,99,89,6,15,31,48,1
21,53,8,93,22,1,4,89,4,10,16,74,6,0
36,95,9,7,18,10,70,87,60,5,54,87,46,1
63,43,1,87,27,14,85,33,3,7,11,63,32,0
54,39,9,82,6,2,99,83,55,4,28,100,5,0
46,88,9,2,20,23,1,80,87,10,7,70,15,1
25,49,0,54,25,15,87,19,74,10,38,99,45,1
45,26,8,14,21,20,50,79,93,3,24,57,16,1
33,55,5,35,5,18,65,55,47,7,95,60,48,0
75,57,8,5,10,21,11,50,47,10,68,63,17,1
30,99,5,41,26,5,46,52,34,1,37,94,59,1
19,71,1,49,13,13,54,48,32,6,35,35,56,0
78,34,0,17,27,4,25,3,99,2,6,69,56,1
55,65,7,82,3,4,44,17,20,2,33,57,37,0
24,42,2,49,27,5,61,35,4,8,96,24,43,0
24,31,0,29,7,17,69,34,63,3,99,28,15,0
41,63,7,76,8,21,86,29,68,9,81,96,35,1
19,34,0,38,1,17,1,62,20,4,54,58,8,0
31,68,7,11,24,18,25,81,88,6,96,46,35,1
30,40,0,97,10,1,13,20,73,1,14,51,36,0
67,34,8,58,27,16,81,51,82,10,19,83,27,0
20,33,8,75,19,27,56,95,31,10,88,52,14,1
35,61,8,43,21,0,31,68,17,3,11,37,55,0
33,99,2,87,29,8,61,40,57,4,71,95,23,0
17,34,3,3,6,12,77,53,97,5,45,86,20,1
28,82,4,35,3,3,29,86,78,1,60,24,57,0
19,87,5,47,23,4,12,29,23,4,88,97,6,0
57,46,8,13,28,25,39,90,4,5,58,78,24,0
76,72,10,80,13,29,30,55,52,4,88,95,23,0
23,71,3,48,25,30,36,78,95,10,78,23,36,0
78,82,5,66,23,22,44,40,72,10,24,35,12,1
24,92,0,86,0,30,85,13,54,7,11,94,2,0
26,72,1,76,23,17,58,20,4,8,72,67,27,0
57,76,7,8,25,27,27,97,68,8,44,85,32,1
28,71,3,20,29,26,60,89,40,3,79,96,29,1
51,62,9,71,11,9,18,24,97,5,66,27,50,0
28,26,6,80,18,24,42,49,6,10,88,63,46,0
27,61,3,15,4,27,58,94,89,8,45,40,40,1
52,23,8,15,29,3,15,52,0,7,74,45,40,0
67,88,8,27,25,25,68,47,51,9,32,54,44,1
17,24,3,50,7,25,43,69,97,10,17,34,33,0
71,94,7,55,10,12,65,47,25,7,54,59,29,1
75,99,5,79,21,12,9,3,95,2,10,49,33,1
38,60,0,56,3,16,46,23,62,4,86,85,36,0
55,23,6,51,14,7,18,30,11,8,6,99,17,0
79,21,0,45,19,3,83,82,69,9,91,32,10,1
38,86,2,77,11,22,92,74,83,7,20,20,1,0
44,40,7,37,19,2,88,28,18,5,1,62,58,1
66,89,8,83,21,10,80,4,79,1,64,47,43,0
46,62,2,47,22,11,50,81,3,9,81,20,53,0
65,88,0,40,28,8,12,66,95,6,1,59,17,1
35,28,0,97,20,14,62,74,81,2,61,53,42,1
70,47,6,58,9,12,15,84,4,10,79,32,28,0
17,45,4,92,29,4,52,93,53,10,1,80,38,1
40,22,0,66,23,4,34,82,69,2,81,85,36,0
28,92,5,73,15,18,99,52,56,10,46,23,58,0
73,68,5,83,22,10,58,88,77,1,60,32,45,1
79,36,3,65,7,8,38,63,51,4,43,55,27,0
74,82,6,26,30,2,66,34,17,10,44,80,43,1
75,74,6,31,19,17,72,11,63,2,38,77,37,1
77,42,8,55,7,26,60,46,9,10,2,34,46,1
31,53,0,9,28,12,49,89,22,9,82,31,25,1
30,88,4,39,5,24,52,54,81,2,12,95,34,0
70,34,9,16,2,27,45,68,67,9,93,88,3,0
50,66,2,57,28,11,51,82,51,1,23,80,29,1
70,22,6,96,7,8,28,90,95,7,9,61,35,0
29,47,3,5,28,9,4,37,46,6,8,51,43,1
64,22,3,38,22,27,66,28,69,6,50,21,41,0
22,23,0,17,9,12,73,11,25,2,80,27,51,0
45,50,0,72,4,19,94,18,69,1,62,73,10,0
64,64,9,71,10,19,74,8,98,10,23,27,53,0
31,78,1,88,3,12,80,81,42,8,93,32,38,0
66,64,1,94,16,26,39,28,68,8,59,48,54,0
57,94,0,41,25,25,71,2,62,2,10,32,38,1
32,56,7,3,2,30,1,86,77,4,12,77,1,1
78,84,5,19,17,28,67,29,65,4,62,82,54,1
60,28,5,27,7,28,61,57,62,2,76,66,1,1
22,36,9,39,29,21,79,87,12,9,30,98,32,1
42,84,9,64,23,8,57,52,50,4,74,93,22,1
25,22,8,43,11,23,84,100,4,4,78,57,58,1
49,45,4,22,20,9,68,100,46,4,68,88,54,1
51,72,3,56,15,18,57,3,35,5,47,88,19,0
40,50,10,46,13,5,34,56,35,10,84,59,35,0
21,45,5,12,20,30,13,53,49,8,41,20,6,1
39,42,7,15,15,28,14,27,55,4,7,21,34,0
33,49,0,89,30,6,5,15,18,3,94,48,15,0
21,29,6,54,26,14,15,12,19,1,88,26,44,0
44,91,7,94,3,30,86,71,21,2,74,76,53,1
40,83,8,64,0,21,94,55,30,4,52,74,42,1
70,41,10,80,0,18,45,52,61,9,45,92,51,0
61,34,7,15,28,13,62,47,43,1,38,55,53,1
39,75,6,36,21,29,11,24,67,6,36,26,45,0
41,93,2,51,14,15,40,65,66,6,81,29,3,0
43,39,1,9,19,13,18,29,100,10,85,99,50,1
18,66,2,37,19,28,75,2,88,3,58,93,52,1
53,72,3,43,2,28,76,22,48,10,46,58,37,1
76,72,3,94,13,24,1,28,100,9,67,77,22,0
66,20,5,73,8,19,19,40,58,10,65,59,45,0
63,21,6,53,18,1,94,93,3,3,18,33,29,0
36,77,3,97,7,8,8,10,38,1,2,20,14,0
69,38,9,50,1,2,20,20,6,2,4,36,30,0
71,81,5,51,3,5,7,90,70,4,96,68,15,0
74,97,8,69,0,4,38,23,48,4,83,35,50,0
66,91,5,91,10,13,36,94,88,2,84,26,29,0
35,31,2,91,4,28,28,93,14,10,42,34,14,0
74,45,0,58,1,14,82,64,6,6,49,40,51,0
24,46,10,12,26,17,34,0,46,6,49,85,3,0
16,48,9,40,12,16,37,53,67,3,7,78,22,0
44,34,9,11,16,8,89,71,97,1,9,67,33,1
78,65,4,49,16,18,74,33,44,10,71,92,23,0
71,20,9,56,17,22,99,79,18,9,27,69,56,0
50,79,9,49,20,24,34,90,46,4,21,29,7,0
18,76,2,56,27,8,67,67,52,9,35,71,20,1
22,22,7,53,30,27,2,82,26,5,88,87,7,1
42,37,9,65,30,15,11,28,4,7,96,49,17,0
16,71,0,7,8,25,31,2,59,3,76,53,32,0
59,79,10,62,5,5,46,10,76,3,87,97,15,0
56,53,1,8,27,7,62,7,61,8,36,84,13,1
57,79,2,59,19,24,25,61,58,1,93,79,56,1
48,45,2,62,30,2,42,32,60,8,67,27,58,0
65,91,7,71,2,21,76,7,55,8,43,94,47,1
78,38,4,2,7,4,43,24,77,3,8,84,58,0
52,41,7,72,2,6,37,87,93,1,98,88,3,0
74,52,10,12,0,22,28,25,46,9,78,76,25,0
63,57,10,8,19,24,54,25,47,4,36,64,49,1
20,54,5,94,26,0,51,16,9,7,48,68,32,0
63,86,1,88,12,21,18,90,31,9,46,93,16,0
18,29,10,51,20,20,34,28,64,3,32,81,54,1
62,34,3,61,4,3,47,42,23,5,7,58,1,0
77,30,8,7,15,25,90,72,28,10,74,96,56,1
29,43,3,94,20,27,59,77,6,3,12,40,46,1
78,96,4,44,23,15,30,4,94,5,55,72,3,1
76,23,4,52,15,26,2,49,16,2,23,64,20,0
46,32,9,62,23,13,34,93,93,4,75,47,28,0
32,92,7,94,11,0,87,55,24,2,52,72,22,1
39,76,5,80,12,3,51,62,91,3,13,28,36,0
38,56,9,56,3,9,70,56,35,5,76,94,56,0
65,67,6,53,30,10,50,91,60,9,71,90,41,1
42,90,5,18,8,6,55,44,70,3,53,80,53,1
30,20,4,66,15,3,98,36,34,10,63,46,1,0
65,79,4,45,0,0,20,71,83,6,74,41,56,0
51,31,2,93,4,25,0,78,77,4,71,49,14,0
23,40,6,9,20,0,52,91,49,4,51,34,45,0
18,30,9,92,4,16,5,35,55,10,58,34,15,0
77,63,4,17,23,26,97,32,93,10,27,72,32,1
62,77,6,11,24,9,81,5,64,5,7,95,18,1
76,63,1,48,18,4,61,75,40,7,50,100,48,1
47,97,8,22,8,6,88,70,24,4,24,42,38,1
28,53,7,61,28,24,78,44,33,8,87,89,22,0
16,44,4,10,26,7,46,91,7,9,25,35,16,1
49,23,1,72,7,1,95,6,55,9,44,84,11,0
77,83,5,55,18,8,49,64,83,9,36,64,7,1
46,35,7,87,17,3,81,23,29,2,57,26,60,0
79,29,6,88,14,11,30,44,67,3,97,64,9,0
40,85,7,54,3,25,63,60,20,5,37,58,1,1
53,54,3,24,14,30,28,18,90,1,52,69,42,1
29,25,2,8,12,10,14,31,9,4,63,68,60,0
23,38,6,11,27,4,57,29,86,5,7,67,8,0
69,78,1,10,17,11,22,64,32,9,94,68,11,0
17,72,4,37,19,26,37,31,74,8,60,59,5,0
71,27,6,27,4,20,40,56,82,1,95,58,29,0
76,97,0,7,17,3,74,19,74,3,37,76,6,1
37,29,3,73,27,12,14,84,3,3,21,82,56,0
50,86,1,88,7,21,86,82,22,6,98,75,56,1
31,57,5,46,0,0,2,93,68,4,46,21,12,0
65,48,0,35,18,17,82,91,52,4,21,45,43,1
58,34,6,49,22,3,0,95,4,1,84,42,39,0
32,42,2,8,25,3,87,29,17,10,98,37,7,1
73,65,0,59,16,7,74,86,16,4,72,87,44,1
17,47,7,71,28,24,93,90,57,1,96,79,12,0
19,45,6,66,26,27,10,100,66,5,52,21,33,0
54,29,1,52,30,19,59,58,71,3,94,68,56,1
21,66,6,81,1,5,64,89,55,10,29,57,19,1
35,23,2,98,18,3,75,61,39,5,69,50,53,0
79,74,8,16,29,3,3,66,86,3,94,59,36,1
31,85,7,99,15,27,24,30,86,5,76,99,58,1
66,86,4,52,29,10,71,65,1,4,39,72,19,1
52,26,6,27,17,27,78,53,20,9,27,83,58,0
57,74,2,62,1,8,42,9,51,6,77,52,21,0
72,99,0,14,27,13,93,37,23,10,10,77,19,1
24,50,0,18,26,3,39,82,52,2,36,69,57,1
79,93,10,85,5,12,95,30,37,1,95,83,43,1
37,38,1,69,6,5,98,28,19,1,16,22,9,1
49,47,7,46,5,29,84,24,49,1,36,80,45,0
70,100,0,70,26,12,94,31,38,9,90,29,22,0
44,47,10,47,5,24,99,16,59,5,84,85,19,0
53,38,4,72,30,2,90,44,90,4,34,70,37,1
33,39,8,19,8,22,43,48,38,10,37,49,11,0
80,32,8,36,7,6,71,86,70,5,72,44,56,0
16,96,1,74,29,0,58,17,32,9,68,62,25,1
19,62,6,1,23,10,22,74,28,3,59,83,35,0
19,30,10,63,21,1,61,51,73,3,29,78,5,1
42,67,0,85,20,4,22,19,9,2,31,81,45,1
58,34,2,35,8,23,57,61,75,8,66,29,31,0
74,36,5,4,11,21,54,12,66,7,89,83,14,1
47,73,8,63,17,29,32,87,2,2,3,79,13,1
48,69,9,6,22,13,76,42,76,4,69,39,34,1
43,47,1,69,5,28,62,83,30,7,22,68,34,1
70,23,6,21,22,12,59,91,26,1,80,93,18,0
75,41,3,73,27,15,98,98,69,1,73,46,60,0
77,58,1,45,3,22,60,20,26,8,53,70,6,0
49,53,2,39,24,14,79,5,98,6,48,76,51,1
71,63,5,60,6,30,75,70,8,2,73,98,42,1
28,61,9,45,17,2,60,92,5,10,76,98,21,0
71,59,8,83,28,5,94,52,5,10,47,56,40,0
33,31,7,27,19,8,68,86,25,1,42,22,5,0
69,21,9,86,4,2,88,51,42,3,4,48,2,0
58,47,10,34,17,29,20,68,18,4,82,87,6,0
54,93,8,0,9,12,2,85,15,5,82,66,50,1
76,100,3,28,7,28,47,8,22,10,42,99,8,1
57,86,3,8,0,12,9,95,74,3,43,88,2,1
33,90,8,8,14,21,86,73,79,5,97,40,23,1
38,91,7,21,2,6,80,45,28,7,42,61,20,1
69,95,1,62,14,4,41,91,37,9,3,40,4,0
45,100,7,65,13,25,98,74,58,5,59,21,15,0
73,29,0,79,0,28,88,70,47,4,81,97,30,0
33,76,8,57,30,7,65,29,19,10,76,88,56,1
22,56,8,69,20,7,90,42,20,9,11,26,20,1
55,96,7,54,7,21,45,58,27,8,81,94,24,1
80,83,10,12,6,6,8,37,49,5,35,54,9,0
64,98,4,96,8,18,48,33,32,9,50,49,56,0
67,59,4,18,17,28,3,45,39,9,63,63,52,1
44,79,2,78,11,6,59,91,89,1,70,65,21,1
36,67,4,32,7,22,89,31,53,6,99,74,38,1
24,38,3,73,7,3,95,15,9,5,6,20,41,0
62,91,0,64,29,9,28,38,33,6,32,73,13,1
57,52,8,59,5,29,85,0,72,10,11,99,5,1
66,63,9,11,2,12,46,97,35,3,43,20,46,1
71,56,3,42,1,3,76,56,74,3,39,82,14,0
66,55,2,92,13,29,86,86,73,10,13,74,50,0
35,100,5,16,7,18,62,19,6,5,13,96,7,1
42,40,0,67,5,9,30,81,15,7,39,46,6,0
53,21,4,28,3,6,50,81,50,4,46,34,59,1
80,50,6,54,4,4,40,41,89,6,34,100,12,0
69,49,1,6,20,2,35,84,95,5,67,28,46,1
39,95,9,43,12,21,39,71,60,2,32,88,51,1
62,63,8,76,8,27,94,33,30,1,68,78,16,1
78,31,5,4,12,21,59,49,31,6,65,42,56,0
72,70,1,59,28,21,14,10,44,5,73,30,51,0
70,68,7,5,8,1,77,42,75,9,7,43,32,1
75,43,7,97,23,28,98,9,26,7,91,91,42,0
77,43,0,6,23,10,87,7,21,1,3,73,11,0
45,79,0,45,15,9,29,71,14,10,86,50,4,1
37,30,0,56,11,27,29,18,7,6,80,41,57,0
44,32,3,53,1,22,26,64,67,7,72,33,29,0
56,91,3,91,29,12,39,54,7,3,69,24,52,0
57,93,7,45,18,6,77,51,86,9,49,36,34,1
80,91,0,9,29,9,44,2,15,2,58,90,9,0
46,83,9,3,15,27,74,52,47,1,94,63,10,1
45,39,2,66,23,3,46,43,33,10,28,98,8,0
33,91,10,24,12,26,89,95,85,10,27,68,36,1
32,92,0,86,4,21,55,47,86,9,22,84,32,1
53,90,8,90,22,19,53,53,56,7,94,23,45,0
29,97,9,77,29,15,84,15,4,10,71,28,59,0
71,47,8,60,23,19,8,29,100,1,94,55,6,0
37,21,6,37,5,5,64,91,43,4,13,70,6,0
71,62,7,31,30,8,69,27,70,10,22,51,27,1
34,27,0,22,20,27,0,15,36,3,75,37,2,0
72,32,4,36,23,12,85,50,89,7,5,34,9,1
59,54,1,2,16,30,12,32,27,5,22,39,38,1
50,42,0,98,16,6,37,24,67,9,79,77,5,0
16,65,2,12,16,17,44,17,95,3,53,59,34,1
67,34,6,33,2,13,39,25,37,6,39,85,14,0
52,21,0,87,25,21,94,5,45,10,37,32,10,0
80,80,10,64,12,29,14,37,72,2,31,32,47,0
66,95,1,75,11,4,49,43,99,3,62,81,49,0
16,83,1,7,5,21,1,66,25,4,93,47,7,0
36,71,3,82,21,12,52,42,74,6,81,65,20,1
68,55,2,8,20,23,94,5,83,1,6,34,11,1
31,86,2,27,28,7,25,77,52,6,81,63,13,1
76,88,9,77,12,14,65,63,62,4,34,42,55,0
69,86,4,90,13,18,74,81,62,8,87,86,53,1
55,66,2,17,6,8,32,79,37,9,52,97,17,1
41,21,10,41,4,5,81,87,14,8,30,85,37,0
80,63,6,40,13,22,84,12,98,8,13,69,44,0
79,83,4,69,17,24,58,64,8,2,58,32,36,0
58,100,3,32,3,30,94,37,96,10,94,21,33,1
32,97,2,100,0,13,25,63,74,2,53,95,10,1
74,47,3,88,6,28,93,13,21,6,20,53,34,0
38,73,1,76,19,22,20,16,69,5,6,59,45,1
22,93,0,53,12,9,48,76,55,6,55,88,13,1
59,86,2,86,3,8,79,12,36,9,31,80,25,0
68,55,10,35,12,16,70,72,56,10,59,44,44,0
49,82,1,96,3,12,85,5,59,7,19,94,33,0
61,44,0,84,2,16,70,5,84,5,70,96,10,1
31,67,0,97,7,18,65,93,11,10,98,82,52,0
34,58,1,55,19,12,36,36,6,7,28,47,24,1
17,66,8,99,7,8,13,56,65,8,13,75,5,0
25,40,4,16,24,0,71,52,40,1,52,45,10,0
65,49,8,9,16,0,92,45,23,10,74,46,39,0
27,50,7,86,14,4,6,77,89,7,61,45,47,0
37,45,10,43,3,7,37,3,24,4,41,34,27,0
47,41,5,1,5,17,44,33,61,5,45,69,50,0
16,40,0,98,23,3,21,65,83,2,7,25,52,1
69,20,9,13,29,30,43,62,43,10,82,87,36,1
73,56,4,40,21,21,80,60,1,5,86,23,33,0
33,96,0,1,27,30,79,80,41,9,14,49,28,1
21,65,6,18,5,0,96,41,98,1,36,96,40,1
60,28,9,79,9,14,34,77,32,3,8,28,43,0
38,36,10,88,3,19,59,63,16,4,12,61,3,0
38,66,7,0,8,3,95,16,62,9,40,33,31,1
41,78,7,1,15,24,2,60,21,2,97,59,60,0
22,73,6,26,6,8,66,29,0,7,88,22,29,0
59,31,1,1,13,21,71,42,100,9,62,60,44,1
42,83,4,93,26,23,94,92,93,10,14,52,45,1
41,25,3,50,5,27,54,6,69,4,49,98,52,0
51,72,4,9,0,25,8,72,53,5,51,79,50,1
70,35,9,18,17,19,68,45,13,10,62,83,44,1
79,24,8,79,11,9,27,22,99,4,5,81,42,0
72,92,3,12,21,23,14,35,96,7,83,98,21,1
76,65,7,47,26,14,90,13,52,8,67,26,32,0
17,33,7,55,14,2,30,19,5,8,1,95,28,0
70,63,1,71,0,1,58,55,89,3,97,69,21,0
53,82,5,55,14,21,81,80,63,2,49,58,47,0
44,71,4,49,14,4,53,31,87,6,17,90,35,1
41,45,1,94,26,23,67,24,32,1,73,66,30,1
50,72,9,44,15,30,84,93,71,9,95,89,56,1
44,48,3,88,20,0,46,48,43,7,35,45,47,1
49,38,6,58,0,10,41,56,33,8,67,77,17,1
